date,hour,fw,bw
2016-12-01,07,525,410
2016-12-01,08,561,487
2016-12-01,09,840,777
2016-12-01,10,1335,1272
2016-12-01,11,1510,1484
2016-12-01,12,1301,1322
2016-12-01,13,1700,1695
2016-12-01,14,1731,1716
2016-12-01,15,1967,1943
2016-12-01,16,2243,2159
2016-12-01,17,2147,2176
2016-12-01,18,1793,1871
2016-12-01,19,1117,1095
2016-12-01,20,773,691
2016-12-01,21,686,580
2016-12-01,22,662,532
2016-12-01,23,576,484
2016-12-02,00,496,316
2016-12-02,01,414,218
2016-12-02,02,441,264
2016-12-02,03,438,270
2016-12-02,04,434,228
2016-12-02,05,426,245
2016-12-02,06,468,295
2016-12-02,07,492,403
2016-12-02,08,703,620
2016-12-02,09,929,859
2016-12-02,10,1547,1467
2016-09-22,00,150,289
2016-12-02,11,1866,1857
2016-10-11,02,4,2
2016-10-11,03,3,0
2016-10-11,04,5,1
2016-10-11,05,12,4
2016-10-11,06,20,11
2016-10-11,07,214,144
2016-10-11,08,332,323
2016-10-11,09,553,501
2016-10-11,10,891,703
2016-10-11,11,869,849
2016-10-11,12,1058,1078
2016-10-11,13,855,926
2016-10-11,14,835,901
2016-10-11,15,1009,953
2016-10-11,16,1126,1097
2016-10-11,17,961,1016
2016-10-11,18,947,909
2016-10-11,19,527,395
2016-10-11,20,267,234
2016-10-11,21,174,183
2016-10-11,22,131,135
2016-10-11,23,79,108
2016-10-12,00,35,50
2016-10-12,01,19,29
2016-10-12,02,23,20
2016-10-12,03,29,17
2016-10-12,04,24,14
2016-10-12,05,30,20
2016-10-12,06,62,46
2016-10-12,07,361,306
2016-10-12,08,561,459
2016-10-12,09,833,690
2016-10-12,10,1404,1202
2016-10-12,11,1958,1800
2016-10-12,12,1931,1928
2016-10-12,13,1769,1741
2016-10-12,14,1858,1750
2016-10-12,15,2275,2096
2016-10-12,16,2176,2023
2016-10-12,17,1860,1869
2016-10-12,18,1573,1568
2016-10-12,19,996,1036
2016-10-12,20,343,344
2016-10-12,21,227,248
2016-10-12,22,183,184
2016-10-12,23,93,97
2016-10-13,00,22,27
2016-10-13,01,9,18
2016-10-13,02,8,4
2016-10-13,03,2,5
2016-10-13,04,6,4
2016-10-13,05,21,18
2016-10-13,06,77,39
2016-10-13,07,362,304
2016-10-13,08,625,511
2016-10-13,09,900,829
2016-10-13,10,1502,1352
2016-10-13,11,1987,1657
2016-10-13,12,1533,1474
2016-10-13,13,1435,1375
2016-10-13,14,1357,1219
2016-10-13,15,1181,1109
2016-10-13,16,1412,1224
2016-10-13,17,1282,1241
2016-10-13,18,1007,1058
2016-10-13,19,615,706
2016-10-13,20,235,237
2016-10-13,21,169,190
2016-10-13,22,188,216
2016-10-13,23,315,298
2016-10-14,00,60,58
2016-10-14,01,141,117
2016-10-14,02,68,54
2016-10-14,03,124,119
2016-10-14,04,173,162
2016-10-14,05,149,133
2016-10-14,06,180,122
2016-10-14,07,350,310
2016-10-14,08,526,459
2016-10-14,09,679,575
2016-10-14,10,1120,946
2016-10-14,11,1443,1178
2016-10-14,12,1334,1204
2016-10-14,13,1362,1337
2016-10-14,14,1277,1144
2016-10-14,15,1112,1100
2016-10-14,16,1233,1149
2016-10-14,17,1531,1422
2016-10-14,18,1472,1396
2016-10-14,19,772,833
2016-10-14,20,358,334
2016-10-14,21,195,195
2016-10-14,22,207,220
2016-10-14,23,205,231
2016-10-15,00,124,109
2016-10-15,01,31,37
2016-10-15,02,7,22
2016-10-15,03,0,3
2016-10-15,04,17,12
2016-10-15,05,19,14
2016-10-15,06,40,37
2016-10-15,07,222,202
2016-10-15,08,411,406
2016-10-15,09,1003,886
2016-10-15,10,2154,1918
2016-10-15,11,2448,2208
2016-10-15,12,2079,1965
2016-10-15,13,2252,2117
2016-10-15,14,2415,2165
2016-10-15,15,2934,2857
2016-10-15,16,3553,3361
2016-10-15,17,3758,3700
2016-10-15,18,3474,3355
2016-10-15,19,2329,2348
2016-10-15,20,904,916
2016-10-15,21,710,673
2016-10-15,22,833,784
2016-10-15,23,806,763
2016-10-16,00,441,460
2016-10-16,01,186,214
2016-10-16,02,43,68
2016-10-16,03,38,42
2016-10-16,04,36,41
2016-10-16,05,14,10
2016-10-16,06,53,56
2016-10-16,07,179,123
2016-10-16,08,364,362
2016-10-16,09,1010,847
2016-10-16,10,2257,1990
2016-10-16,11,3409,3058
2016-10-16,12,3208,2813
2016-10-16,13,2479,2179
2016-10-16,14,2749,2386
2016-10-16,15,4654,3884
2016-10-16,16,5872,5431
2016-10-16,17,5429,5289
2016-10-16,18,3752,4180
2016-10-16,19,1663,1863
2016-10-16,20,625,634
2016-10-16,21,361,395
2016-10-16,22,216,271
2016-10-16,23,109,134
2016-10-17,00,45,41
2016-10-17,01,11,17
2016-10-17,02,5,4
2016-10-17,03,3,7
2016-10-17,04,3,5
2016-10-17,05,12,12
2016-10-17,06,56,51
2016-10-17,07,316,271
2016-10-17,08,600,522
2016-10-17,09,955,771
2016-10-17,10,1423,1244
2016-10-17,11,1952,1714
2016-10-17,12,1682,1622
2016-10-17,13,1717,1625
2016-10-17,14,1587,1407
2016-10-17,15,1658,1590
2016-10-17,16,1973,1784
2016-10-17,17,1600,1453
2016-10-17,18,1393,1313
2016-10-17,19,865,897
2016-10-17,20,343,349
2016-10-17,21,249,250
2016-10-17,22,147,151
2016-10-17,23,48,70
2016-10-18,00,22,30
2016-10-18,01,11,18
2016-10-18,02,12,17
2016-10-18,03,5,6
2016-10-18,04,5,1
2016-10-18,05,26,22
2016-10-18,06,63,35
2016-10-18,07,320,271
2016-10-18,08,596,510
2016-10-18,09,982,876
2016-10-18,10,1615,1463
2016-10-18,11,2228,1869
2016-10-18,12,1902,1954
2016-10-18,13,1913,1886
2016-10-18,14,1747,1715
2016-10-18,15,1655,1594
2016-10-18,16,1922,1704
2016-10-18,17,1880,1783
2016-10-18,18,1569,1553
2016-10-18,19,896,904
2016-10-18,20,377,355
2016-10-18,21,258,244
2016-10-18,22,196,202
2016-10-18,23,101,115
2016-10-19,00,38,37
2016-10-19,01,9,8
2016-10-19,02,7,3
2016-10-19,03,6,4
2016-10-19,04,5,3
2016-10-19,05,5,3
2016-10-19,06,50,20
2016-10-19,07,341,308
2016-10-19,08,701,640
2016-10-19,09,953,833
2016-10-19,10,1644,1549
2016-10-19,11,1814,1553
2016-10-19,12,1502,1519
2016-10-19,13,1598,1623
2016-10-19,14,1659,1496
2016-10-19,15,1708,1551
2016-10-19,16,1632,1520
2016-10-19,17,1643,1519
2016-10-19,18,1487,1453
2016-10-19,19,912,953
2016-10-19,20,323,330
2016-10-19,21,242,221
2016-10-19,22,205,233
2016-10-19,23,103,135
2016-10-20,00,29,34
2016-10-20,01,34,42
2016-10-20,02,34,39
2016-10-20,03,28,26
2016-10-20,04,16,18
2016-10-20,05,30,36
2016-10-20,06,63,48
2016-10-20,07,326,285
2016-10-20,08,688,644
2016-10-20,09,1081,840
2016-10-20,10,1601,1375
2016-10-20,11,1870,1706
2016-10-20,12,1837,1851
2016-10-20,13,1907,1841
2016-10-20,14,1866,1711
2016-10-20,15,1988,1802
2016-10-20,16,2143,2110
2016-10-20,17,1892,1912
2016-10-20,18,1443,1483
2016-10-20,19,920,960
2016-10-20,20,605,767
2016-10-20,21,359,352
2016-10-20,22,245,297
2016-10-20,23,186,168
2016-10-21,00,48,60
2016-10-21,01,18,28
2016-10-21,02,11,4
2016-10-21,03,3,0
2016-10-21,04,4,1
2016-10-21,05,15,7
2016-10-21,06,80,44
2016-10-21,07,375,299
2016-10-21,08,611,550
2016-10-21,09,906,786
2016-10-21,10,1589,1339
2016-10-21,11,2257,1977
2016-10-21,12,1948,1932
2016-10-21,13,1804,1821
2016-10-21,14,1777,1797
2016-10-21,15,2237,2110
2016-10-21,16,2203,2146
2016-10-21,17,2191,2098
2016-10-21,18,1907,1847
2016-10-21,19,1122,1191
2016-10-21,20,582,627
2016-10-21,21,418,411
2016-10-21,22,445,432
2016-10-21,23,389,377
2016-10-22,00,211,208
2016-10-22,01,63,80
2016-10-22,02,19,29
2016-10-22,03,16,13
2016-10-22,04,13,14
2016-10-22,05,23,13
2016-10-22,06,40,35
2016-10-22,07,178,155
2016-10-22,08,441,398
2016-10-22,09,1067,909
2016-10-22,10,2276,2147
2016-10-22,11,3590,3241
2016-10-22,12,3294,2964
2016-10-22,13,2700,2584
2016-10-22,14,2819,2809
2016-10-22,15,4051,3858
2016-10-22,16,4712,4437
2016-10-22,17,4664,4446
2016-10-22,18,3853,3815
2016-10-22,19,2178,2225
2016-10-22,20,944,1028
2016-10-22,21,765,744
2016-10-22,22,750,729
2016-10-22,23,678,603
2016-10-23,00,244,314
2016-10-23,01,65,139
2016-10-23,02,51,58
2016-10-23,03,25,20
2016-10-23,04,14,12
2016-10-23,05,13,6
2016-10-23,06,20,16
2016-10-23,07,78,55
2016-10-23,08,209,209
2016-10-23,09,819,590
2016-10-23,10,1323,1098
2016-10-23,11,2150,2208
2016-10-23,12,1618,1539
2016-10-23,13,1109,1069
2016-10-23,14,1117,1075
2016-10-23,15,1774,1673
2016-10-23,16,1735,1589
2016-10-23,17,1897,1748
2016-10-23,18,1348,1329
2016-10-23,19,954,854
2016-10-23,20,339,341
2016-10-23,21,253,210
2016-10-23,22,168,171
2016-10-23,23,67,104
2016-10-24,00,37,33
2016-10-24,01,13,12
2016-10-24,02,28,32
2016-10-24,03,26,30
2016-10-24,04,15,16
2016-10-24,05,24,12
2016-10-24,06,49,25
2016-10-24,07,372,321
2016-10-24,08,583,519
2016-10-24,09,831,718
2016-10-24,10,1487,1187
2016-10-24,11,1547,1367
2016-10-24,12,1258,1238
2016-10-24,13,1412,1324
2016-10-24,14,1536,1524
2016-10-24,15,1396,1377
2016-10-24,16,1589,1485
2016-10-24,17,1651,1627
2016-10-24,18,1288,1343
2016-10-24,19,579,632
2016-10-24,20,258,267
2016-10-24,21,162,163
2016-10-24,22,102,112
2016-10-24,23,61,68
2016-10-25,00,41,40
2016-10-25,01,39,32
2016-10-25,02,84,64
2016-10-25,03,88,48
2016-10-25,04,18,11
2016-10-25,05,15,10
2016-10-25,06,45,25
2016-10-25,07,313,283
2016-10-25,08,558,499
2016-10-25,09,844,742
2016-10-25,10,1252,1164
2016-10-25,11,1625,1338
2016-10-25,12,1272,1227
2016-10-25,13,1464,1476
2016-10-25,14,1316,1201
2016-10-25,15,1204,1135
2016-10-25,16,1293,1200
2016-10-25,17,1205,1156
2016-10-25,18,1168,1135
2016-10-25,19,608,630
2016-10-25,20,378,317
2016-10-25,21,241,228
2016-10-25,22,187,207
2016-10-25,23,77,95
2016-10-26,00,77,77
2016-12-02,12,1672,1698
2016-10-26,01,100,84
2016-10-26,02,63,38
2016-10-26,03,99,56
2016-10-26,04,68,43
2016-10-26,05,99,73
2016-10-26,06,69,26
2016-10-26,07,322,295
2016-10-26,08,574,502
2016-10-26,09,895,742
2016-10-26,10,1504,1372
2016-10-26,11,1746,1523
2016-10-26,12,1506,1547
2016-10-26,13,1565,1476
2016-10-26,14,1485,1406
2016-10-26,15,1699,1550
2016-10-26,16,1915,1711
2016-10-26,17,1030,1077
2016-10-26,18,581,695
2016-10-26,19,422,483
2016-10-26,20,198,201
2016-10-26,21,181,192
2016-10-26,22,262,281
2016-10-26,23,66,79
2016-10-27,00,33,45
2016-10-27,01,22,20
2016-10-27,02,18,14
2016-10-27,03,20,13
2016-10-27,04,8,6
2016-10-27,05,22,18
2016-10-27,06,40,16
2016-10-27,07,331,298
2016-10-27,08,609,529
2016-10-27,09,975,804
2016-10-27,10,1619,1496
2016-10-27,11,1938,1727
2016-10-27,12,1742,1749
2016-10-27,13,1559,1510
2016-10-27,14,1546,1470
2016-10-27,15,1790,1746
2016-10-27,16,2074,1798
2016-10-27,17,1974,1841
2016-10-27,18,1602,1562
2016-10-27,19,847,938
2016-10-27,20,414,454
2016-10-27,21,331,308
2016-10-27,22,248,260
2016-10-27,23,137,136
2016-10-28,00,66,75
2016-10-28,01,14,11
2016-10-28,02,13,10
2016-10-28,03,3,7
2016-10-28,04,6,4
2016-10-28,05,16,12
2016-10-28,06,47,20
2016-10-28,07,370,319
2016-10-28,08,665,576
2016-10-28,09,1019,841
2016-10-28,10,1472,1278
2016-10-28,11,1636,1463
2016-10-28,12,1760,1618
2016-10-28,13,1619,1732
2016-10-28,14,1861,1684
2016-10-28,15,2059,1883
2016-10-28,16,2045,1937
2016-10-28,17,2070,1927
2016-10-28,18,1755,1737
2016-10-28,19,962,1064
2016-10-28,20,569,608
2016-10-28,21,450,407
2016-10-28,22,559,516
2016-10-28,23,394,357
2016-10-29,00,171,201
2016-10-29,01,59,49
2016-10-29,02,20,26
2016-10-29,03,6,7
2016-10-29,04,12,15
2016-10-29,05,10,3
2016-10-29,06,24,19
2016-10-29,07,177,154
2016-10-29,08,362,305
2016-10-29,09,1075,926
2016-10-29,10,2059,1848
2016-10-29,11,3345,3035
2016-10-29,12,3307,2997
2016-10-29,13,2475,2293
2016-10-29,14,3048,2900
2016-10-29,15,4397,4059
2016-10-29,16,5326,5076
2016-10-29,17,5375,5103
2016-10-29,18,4344,4187
2016-10-29,19,2433,2562
2016-10-29,20,969,943
2016-10-29,21,912,897
2016-10-29,22,919,868
2016-10-29,23,702,710
2016-10-30,00,308,309
2016-10-30,01,95,167
2016-10-30,02,37,45
2016-10-30,03,10,11
2016-10-30,04,6,6
2016-10-30,05,7,6
2016-10-30,06,33,30
2016-10-30,07,160,97
2016-10-30,08,469,437
2016-10-30,09,1202,893
2016-10-30,10,2511,2166
2016-10-30,11,3746,2970
2016-10-30,12,3569,2997
2016-10-30,13,2642,2377
2016-10-30,14,3134,2755
2016-10-30,15,4875,4117
2016-10-30,16,5658,5212
2016-10-30,17,5026,5116
2016-10-30,18,3202,3408
2016-10-30,19,1697,1958
2016-10-30,20,741,802
2016-10-30,21,508,493
2016-10-30,22,423,439
2016-10-30,23,193,215
2016-10-31,00,64,88
2016-10-31,01,4,11
2016-10-31,02,9,4
2016-10-31,03,13,13
2016-10-31,04,4,2
2016-10-31,05,16,8
2016-10-31,06,42,25
2016-10-31,07,207,157
2016-10-31,08,423,388
2016-10-31,09,1218,1013
2016-10-31,10,2509,2061
2016-10-31,11,3244,2606
2016-10-31,12,2884,2657
2016-10-31,13,2184,2327
2016-10-31,14,2730,2552
2016-10-31,15,3715,3286
2016-10-31,16,4401,3972
2016-10-31,17,3773,3635
2016-10-31,18,2543,2580
2016-10-31,19,1670,1721
2016-10-31,20,1014,994
2016-10-31,21,801,721
2016-10-31,22,839,727
2016-10-31,23,579,591
2016-11-01,00,221,266
2016-11-01,01,77,98
2016-11-01,02,50,62
2016-11-01,03,16,23
2016-11-01,04,14,8
2016-11-01,05,15,8
2016-11-01,06,25,22
2016-11-01,07,124,70
2016-11-01,08,245,242
2016-11-01,09,1015,804
2016-11-01,10,2126,1834
2016-11-01,11,3309,2951
2016-11-01,12,2891,2656
2016-11-01,13,2028,2080
2016-11-01,14,2612,2406
2016-11-01,15,4309,3847
2016-11-01,16,5346,4478
2016-11-01,17,4295,4510
2016-11-01,18,2564,2777
2016-11-01,19,1058,1112
2016-11-01,20,396,431
2016-11-01,21,281,268
2016-11-01,22,164,183
2016-11-01,23,84,94
2016-11-02,00,13,33
2016-11-02,01,9,11
2016-11-02,02,5,9
2016-11-02,03,10,12
2016-11-02,04,5,4
2016-11-02,05,24,17
2016-11-02,06,50,34
2016-11-02,07,373,312
2016-11-02,08,664,564
2016-11-02,09,994,852
2016-11-02,10,1426,1352
2016-11-02,11,1747,1596
2016-11-02,12,1466,1482
2016-11-02,13,1453,1399
2016-11-02,14,1412,1382
2016-11-02,15,1503,1344
2016-11-02,16,1665,1593
2016-11-02,17,1582,1555
2016-11-02,18,1114,1107
2016-11-02,19,668,689
2016-11-02,20,286,308
2016-11-02,21,204,207
2016-11-02,22,121,144
2016-11-02,23,70,64
2016-12-02,13,1609,1661
2016-12-02,14,1717,1528
2016-12-02,15,1813,1760
2016-12-02,16,2141,2109
2016-12-02,17,2302,2509
2016-11-10,01,31,27
2016-11-10,02,22,20
2016-11-10,03,26,13
2016-11-10,04,22,16
2016-11-10,05,19,13
2016-11-10,06,37,23
2016-11-10,07,337,302
2016-11-10,08,639,555
2016-11-10,09,905,779
2016-11-10,10,1449,1410
2016-11-10,11,1710,1619
2016-11-10,12,1300,1278
2016-11-10,13,1398,1335
2016-11-10,14,1371,1271
2016-11-10,15,1591,1468
2016-11-10,16,1728,1552
2016-11-10,17,1568,1755
2016-11-10,18,1093,1110
2016-11-10,19,653,677
2016-11-10,20,284,300
2016-11-10,21,213,224
2016-11-10,22,210,193
2016-11-10,23,108,139
2016-11-11,00,42,57
2016-11-11,01,12,15
2016-11-11,02,21,21
2016-11-11,03,6,10
2016-11-11,04,9,9
2016-11-11,05,14,6
2016-11-11,06,50,25
2016-11-11,07,334,286
2016-11-11,08,605,484
2016-11-11,09,806,680
2016-11-11,10,1208,1038
2016-11-11,11,1395,1296
2016-11-11,12,1333,1315
2016-11-11,13,1488,1543
2016-11-11,14,1497,1410
2016-11-11,15,1717,1546
2016-11-11,16,1962,1883
2016-11-11,17,1785,1763
2016-11-11,18,1462,1453
2016-11-11,19,963,968
2016-11-11,20,554,553
2016-11-11,21,724,754
2016-11-11,22,590,662
2016-11-11,23,605,615
2016-11-12,00,288,339
2016-11-12,01,145,130
2016-11-12,02,20,37
2016-11-12,03,15,14
2016-11-12,04,11,7
2016-11-12,05,17,14
2016-11-12,06,41,23
2016-11-12,07,181,146
2016-11-12,08,418,363
2016-11-12,09,1005,877
2016-11-12,10,2042,1860
2016-11-12,11,3136,2871
2016-11-12,12,3003,2844
2016-11-12,13,2600,2409
2016-11-12,14,2791,2591
2016-11-12,15,4188,3698
2016-11-12,16,5265,4848
2016-11-12,17,4823,4838
2016-11-12,18,3478,3460
2016-11-12,19,1974,1977
2016-11-12,20,701,794
2016-11-12,21,609,594
2016-11-12,22,740,694
2016-11-12,23,572,596
2016-11-13,00,254,386
2016-11-13,01,78,116
2016-11-13,02,29,40
2016-11-13,03,14,10
2016-11-13,04,6,14
2016-11-13,05,18,16
2016-11-13,06,16,8
2016-11-13,07,100,78
2016-11-13,08,277,259
2016-11-13,09,1016,859
2016-11-13,10,2282,2135
2016-11-13,11,3316,2991
2016-11-13,12,2681,2725
2016-11-13,13,2287,2259
2016-11-13,14,3128,2360
2016-11-13,15,4015,3761
2016-11-13,16,5446,5677
2016-11-13,17,4389,4720
2016-11-13,18,2300,2316
2016-11-13,19,992,1107
2016-11-13,20,397,438
2016-11-13,21,219,252
2016-11-13,22,182,181
2016-11-13,23,52,68
2016-11-14,00,32,32
2016-11-14,01,3,7
2016-11-14,02,6,4
2016-11-14,03,4,8
2016-11-14,04,6,14
2016-11-14,05,22,25
2016-11-14,06,42,28
2016-11-14,07,299,247
2016-11-14,08,597,523
2016-11-14,09,834,767
2016-11-14,10,1091,1033
2016-11-14,11,1114,1042
2016-11-14,12,1137,1047
2016-11-14,13,1190,1171
2016-11-14,14,1269,1096
2016-11-14,15,1133,1080
2016-11-14,16,1386,1323
2016-11-14,17,1195,1200
2016-11-14,18,977,970
2016-11-14,19,524,577
2016-11-14,20,248,278
2016-11-14,21,159,257
2016-11-14,22,152,146
2016-11-14,23,107,95
2016-11-15,00,17,36
2016-11-15,01,22,25
2016-11-15,02,53,54
2016-11-15,03,36,37
2016-11-15,04,10,6
2016-11-15,05,34,17
2016-11-15,06,43,29
2016-11-15,07,328,282
2016-11-15,08,619,478
2016-11-15,09,885,735
2016-11-15,10,1373,1335
2016-11-15,11,1396,1372
2016-11-15,12,1132,1124
2016-11-15,13,1347,1260
2016-11-15,14,1258,1188
2016-11-15,15,1509,1378
2016-11-15,16,1415,1374
2016-11-15,17,1287,1296
2016-11-15,18,1017,1045
2016-11-15,19,613,599
2016-11-15,20,294,298
2016-11-15,21,162,176
2016-11-15,22,115,118
2016-11-15,23,73,103
2016-11-16,00,44,43
2016-11-16,01,45,51
2016-11-16,02,30,15
2016-11-16,03,19,11
2016-11-16,04,26,24
2016-11-16,05,36,26
2016-11-16,06,57,37
2016-11-16,07,319,291
2016-11-16,08,626,515
2016-11-16,09,890,802
2016-11-16,10,1347,1271
2016-11-16,11,1378,1352
2016-11-16,12,1347,1341
2016-11-16,13,1507,1450
2016-11-16,14,1236,1250
2016-11-16,15,1636,1461
2016-11-16,16,1587,1487
2016-11-16,17,1464,1423
2016-11-16,18,987,1020
2016-11-16,19,593,587
2016-11-16,20,278,299
2016-11-16,21,189,220
2016-11-16,22,136,145
2016-11-16,23,84,79
2016-11-17,00,12,26
2016-11-17,01,9,12
2016-11-17,02,13,15
2016-11-17,03,6,6
2016-11-17,04,10,15
2016-11-17,05,23,17
2016-11-17,06,47,25
2016-11-17,07,302,277
2016-11-17,08,614,509
2016-11-17,09,802,646
2016-11-17,10,1342,1211
2016-11-17,11,1454,1419
2016-11-17,12,1356,1338
2016-11-17,13,1268,1275
2016-11-17,14,1281,1204
2016-11-17,15,1428,1366
2016-11-17,16,1449,1393
2016-11-17,17,1217,1186
2016-11-17,18,1178,1212
2016-11-17,19,666,710
2016-11-17,20,317,299
2016-11-17,21,257,267
2016-11-17,22,196,189
2016-11-17,23,131,125
2016-11-18,00,49,40
2016-11-18,01,16,13
2016-11-18,02,18,21
2016-11-18,03,22,12
2016-11-18,04,16,18
2016-11-18,05,34,26
2016-11-18,06,89,61
2016-11-18,07,317,262
2016-11-18,08,587,506
2016-11-18,09,861,710
2016-11-18,10,1336,1216
2016-11-18,11,1444,1400
2016-11-18,12,1357,1280
2016-11-18,13,1381,1315
2016-11-18,14,1335,1218
2016-11-18,15,1387,1305
2016-11-18,16,1413,1376
2016-11-18,17,1096,1111
2016-11-18,18,897,911
2016-11-18,19,485,569
2016-11-18,20,250,248
2016-11-18,21,190,213
2016-11-18,22,196,190
2016-11-18,23,184,183
2016-11-19,00,94,80
2016-11-19,01,35,48
2016-11-19,02,22,20
2016-11-19,03,2,5
2016-11-19,04,3,5
2016-11-19,05,16,11
2016-11-19,06,24,12
2016-11-19,07,160,137
2016-11-19,08,275,251
2016-11-19,09,721,587
2016-11-19,10,1366,1247
2016-11-19,11,1795,1667
2016-11-19,12,1598,1652
2016-11-19,13,1397,1317
2016-11-19,14,1641,1487
2016-11-19,15,2370,2175
2016-11-19,16,2874,2715
2016-11-19,17,3026,2969
2016-11-19,18,2414,2208
2016-11-19,19,1437,1421
2016-11-19,20,602,595
2016-11-19,21,575,490
2016-11-19,22,618,594
2016-11-19,23,660,603
2016-11-20,00,249,315
2016-11-20,01,67,112
2016-11-20,02,37,50
2016-11-20,03,113,85
2016-11-20,04,121,79
2016-11-20,05,47,33
2016-11-20,06,41,23
2016-11-20,07,92,65
2016-11-20,08,199,188
2016-11-20,09,750,590
2016-11-20,10,1436,1176
2016-11-20,11,2169,2044
2016-11-20,12,2040,1853
2016-11-20,13,1244,1171
2016-11-20,14,1527,1446
2016-11-20,15,2798,2393
2016-11-20,16,3583,3247
2016-11-20,17,3515,3455
2016-11-20,18,2486,2353
2016-11-20,19,856,978
2016-11-20,20,282,310
2016-11-20,21,138,141
2016-11-20,22,159,163
2016-11-20,23,85,83
2016-11-21,00,11,20
2016-11-21,01,8,11
2016-11-21,02,2,1
2016-12-02,18,2076,2308
2016-11-21,03,1,0
2016-11-21,04,3,6
2016-11-21,05,3,4
2016-11-21,06,34,26
2016-11-21,07,306,263
2016-11-21,08,497,436
2016-11-21,09,551,501
2016-11-21,10,760,721
2016-11-21,11,771,760
2016-11-21,12,687,687
2016-11-21,13,867,841
2016-11-21,14,904,831
2016-11-21,15,738,766
2016-11-21,16,797,794
2016-11-21,17,699,756
2016-11-21,18,581,629
2016-11-21,19,326,353
2016-11-21,20,159,192
2016-11-21,21,81,101
2016-11-21,22,61,82
2016-11-21,23,21,32
2016-11-22,00,5,10
2016-11-22,01,1,3
2016-11-22,02,4,1
2016-11-22,03,2,2
2016-11-22,04,4,1
2016-11-22,05,12,7
2016-11-22,06,29,19
2016-11-22,07,310,266
2016-11-22,08,473,390
2016-11-22,09,563,494
2016-11-22,10,694,705
2016-11-22,11,900,883
2016-11-22,12,874,887
2016-11-22,13,932,960
2016-11-22,14,974,883
2016-11-22,15,863,890
2016-11-22,16,983,990
2016-11-22,17,879,961
2016-11-22,18,788,891
2016-11-22,19,536,612
2016-11-22,20,325,299
2016-11-22,21,294,273
2016-11-22,22,216,203
2016-11-22,23,153,137
2016-11-23,00,96,89
2016-11-23,01,26,23
2016-11-23,02,11,5
2016-11-23,03,44,37
2016-11-23,04,120,96
2016-11-23,05,52,34
2016-11-23,06,123,86
2016-11-23,07,303,263
2016-11-23,08,583,513
2016-11-23,09,741,690
2016-11-23,10,1015,987
2016-11-23,11,1128,1078
2016-11-23,12,1016,1010
2016-11-23,13,1042,1066
2016-11-23,14,1148,1026
2016-11-23,15,1067,1052
2016-11-23,16,1216,1164
2016-11-23,17,1423,1352
2016-11-23,18,1334,1316
2016-11-23,19,800,821
2016-11-23,20,273,274
2016-11-23,21,292,258
2016-11-23,22,246,248
2016-11-23,23,114,146
2016-11-24,00,27,32
2016-11-24,01,36,24
2016-11-24,02,7,7
2016-11-24,03,4,3
2016-11-24,04,5,2
2016-11-24,05,20,14
2016-11-24,06,63,28
2016-11-24,07,314,276
2016-11-24,08,600,539
2016-11-24,09,877,759
2016-11-24,10,1286,1218
2016-11-24,11,1439,1368
2016-11-24,12,1102,1102
2016-11-24,13,1124,1135
2016-11-24,14,1248,1139
2016-11-24,15,1145,1145
2016-11-24,16,1263,1264
2016-11-24,17,1108,1160
2016-11-24,18,884,955
2016-11-24,19,612,621
2016-11-24,20,270,273
2016-11-24,21,222,227
2016-11-24,22,220,326
2016-11-24,23,135,135
2016-11-25,00,40,46
2016-11-25,01,80,121
2016-11-25,02,105,147
2016-11-25,03,22,10
2016-11-25,04,10,8
2016-11-25,05,41,19
2016-11-25,06,67,44
2016-11-25,07,288,237
2016-11-25,08,524,432
2016-11-25,09,692,602
2016-11-25,10,1046,903
2016-11-25,11,1227,1179
2016-11-25,12,1103,1142
2016-11-25,13,1039,1048
2016-11-25,14,953,918
2016-11-25,15,1033,934
2016-11-25,16,1222,1121
2016-11-25,17,1069,1159
2016-11-25,18,845,853
2016-11-25,19,556,583
2016-11-25,20,319,368
2016-11-25,21,357,322
2016-11-25,22,212,218
2016-11-25,23,303,313
2016-11-26,00,105,129
2016-11-26,01,71,79
2016-11-26,02,43,45
2016-11-26,03,33,19
2016-11-26,04,58,45
2016-11-26,05,94,56
2016-11-26,06,83,40
2016-11-26,07,173,144
2016-11-26,08,395,355
2016-11-26,09,860,801
2016-11-26,10,2014,1867
2016-11-26,11,3024,2823
2016-11-26,12,2746,2810
2016-11-26,13,2070,2050
2016-11-26,14,2614,2509
2016-11-26,15,4257,3880
2016-11-26,16,5444,4618
2016-11-26,17,5529,4867
2016-11-26,18,4481,4295
2016-11-26,19,2918,3115
2016-11-26,20,1663,1830
2016-11-26,21,1438,1644
2016-11-26,22,1801,1913
2016-11-26,23,1394,1596
2016-11-27,00,884,1032
2016-11-27,01,648,557
2016-11-27,02,500,442
2016-11-27,03,493,394
2016-11-27,04,441,325
2016-11-27,05,485,325
2016-11-27,06,463,312
2016-11-27,07,326,214
2016-11-27,08,247,255
2016-11-27,09,922,774
2016-11-27,10,2079,1821
2016-11-27,11,3340,3130
2016-11-27,12,3195,3165
2016-11-27,13,3124,2591
2016-11-27,14,4820,3491
2016-11-27,15,5880,4964
2016-11-27,16,6090,4907
2016-11-27,17,6586,6011
2016-11-27,18,4991,4551
2016-11-27,19,2843,3230
2016-11-27,20,1292,1518
2016-11-27,21,972,1207
2016-11-27,22,773,950
2016-11-27,23,486,479
2016-11-28,00,263,271
2016-11-28,01,209,143
2016-11-28,02,231,111
2016-11-28,03,260,130
2016-11-28,04,300,183
2016-11-28,05,348,219
2016-11-28,06,457,267
2016-11-28,07,543,438
2016-11-28,08,579,493
2016-11-28,09,772,678
2016-11-28,10,1257,1215
2016-11-28,11,1285,1426
2016-11-28,12,1178,1189
2016-11-28,13,1278,1298
2016-11-28,14,1181,1078
2016-11-28,15,1526,1473
2016-11-28,16,1801,1768
2016-11-28,17,1830,1815
2016-11-28,18,1542,1560
2016-11-28,19,1029,1061
2016-11-28,20,788,824
2016-11-28,21,541,544
2016-11-28,22,223,180
2016-11-28,23,37,76
2016-11-29,00,21,25
2016-11-29,01,8,11
2016-11-29,02,2,3
2016-11-29,03,0,0
2016-11-29,04,1,1
2016-11-29,05,3,4
2016-11-29,06,25,16
2016-11-29,07,176,192
2016-11-29,08,371,336
2016-11-29,09,569,523
2016-11-29,10,1185,1189
2016-11-29,11,1375,1427
2016-11-29,12,1250,1311
2016-11-29,13,1397,1434
2016-11-29,14,1309,1257
2016-11-29,15,1511,1485
2016-11-29,16,1691,1740
2016-11-29,17,1796,1923
2016-11-29,18,1528,1594
2016-11-29,19,961,1007
2016-11-29,20,601,600
2016-11-29,21,492,472
2016-11-29,22,471,581
2016-11-29,23,383,418
2016-11-30,00,338,320
2016-11-30,01,399,275
2016-11-30,02,346,241
2016-11-30,03,353,288
2016-11-30,04,333,255
2016-11-30,05,322,247
2016-11-30,06,370,255
2016-11-30,07,477,407
2016-11-30,08,577,512
2016-11-30,09,873,739
2016-11-30,10,1262,1201
2016-11-30,11,1579,1625
2016-11-30,12,1266,1399
2016-11-30,13,1343,1335
2016-11-30,14,1362,1291
2016-11-30,15,1621,1585
2016-11-30,16,2002,2024
2016-11-30,17,2069,2241
2016-11-30,18,1730,1769
2016-11-30,19,898,1031
2016-11-30,20,619,634
2016-11-30,21,493,543
2016-11-30,22,507,506
2016-11-30,23,363,343
2016-12-01,00,368,299
2016-12-01,01,369,270
2016-12-01,02,360,273
2016-12-01,03,349,182
2016-12-01,04,410,244
2016-12-01,05,359,220
2016-12-01,06,424,252
2016-12-02,19,1481,1468
2016-12-02,20,965,904
2016-12-02,21,1000,1062
2016-12-02,22,1087,1105
2016-12-02,23,932,1080
2016-12-03,00,705,702
2016-12-03,01,528,384
2016-12-03,02,522,294
2016-12-03,03,518,153
2016-12-03,04,559,183
2016-12-03,05,572,169
2016-12-03,06,629,186
2016-12-03,07,524,267
2016-12-03,08,605,461
2016-12-03,09,1029,867
2016-12-03,10,2089,1850
2016-12-03,11,3057,2944
2016-12-03,12,2692,2710
2016-12-03,13,2104,2121
2016-12-03,14,2614,2555
2016-12-03,15,4095,3916
2016-12-03,16,4814,4379
2016-12-03,17,5715,4884
2016-12-03,18,4269,3918
2016-12-03,19,3195,2793
2016-12-03,20,1703,1523
2016-12-03,21,1650,1460
2016-12-03,22,1992,1996
2016-12-03,23,1541,1574
2016-12-04,00,870,934
2016-12-04,01,493,436
2016-12-04,02,398,236
2016-12-04,03,359,187
2016-12-04,04,370,158
2016-12-04,05,414,182
2016-12-04,06,391,207
2016-12-04,07,281,149
2016-12-04,08,272,270
2016-12-04,09,877,757
2016-12-04,10,1831,1623
2016-12-04,11,2996,3015
2016-12-04,12,2685,2752
2016-12-04,13,2052,2156
2016-12-04,14,2702,2636
2016-12-04,15,4855,4356
2016-12-04,16,6264,5257
2016-12-04,17,6491,5639
2016-12-04,18,4986,4410
2016-12-04,19,3112,3206
2016-12-04,20,1381,1568
2016-12-04,21,930,1087
2016-12-04,22,787,871
2016-12-04,23,433,477
2016-12-05,00,308,252
2016-12-05,01,313,173
2016-12-05,02,331,179
2016-12-05,03,339,144
2016-12-05,04,339,154
2016-12-05,05,443,183
2016-12-05,06,463,163
2016-12-05,07,507,351
2016-12-05,08,641,545
2016-12-05,09,834,749
2016-12-05,10,1237,1152
2016-12-05,11,1356,1429
2016-12-05,12,1309,1217
2016-12-05,13,1426,1405
2016-12-05,14,1397,1265
2016-12-05,15,1746,1612
2016-12-05,16,2053,2034
2016-12-05,17,2082,2146
2016-12-05,18,1650,1830
2016-12-05,19,929,1023
2016-12-05,20,577,576
2016-12-05,21,482,443
2016-12-05,22,577,482
2016-12-05,23,392,373
2016-12-06,00,367,249
2016-12-06,01,297,182
2016-12-06,02,292,179
2016-12-06,03,294,190
2016-12-06,04,359,197
2016-12-06,05,340,200
2016-12-06,06,389,216
2016-12-06,07,477,375
2016-12-06,08,583,477
2016-12-06,09,963,908
2016-12-06,10,1489,1354
2016-12-06,11,1706,1697
2016-12-06,12,1506,1542
2016-12-06,13,1525,1507
2016-12-06,14,1544,1519
2016-12-06,15,1725,1682
2016-12-06,16,1990,1993
2016-12-06,17,2172,2301
2016-12-06,18,1975,1971
2016-12-06,19,1392,1252
2016-12-06,20,744,742
2016-12-06,21,749,704
2016-12-06,22,782,650
2016-12-06,23,584,463
2016-12-07,00,347,338
2016-12-07,01,313,249
2016-12-07,02,333,235
2016-12-07,03,309,224
2016-12-07,04,356,237
2016-12-07,05,369,267
2016-12-07,06,407,300
2016-12-07,07,535,437
2016-12-07,08,618,510
2016-12-07,09,947,822
2016-12-07,10,1631,1546
2016-12-07,11,2098,2033
2016-12-07,12,1795,1778
2016-12-07,13,1710,1704
2016-12-07,14,1844,1731
2016-12-07,15,2340,2282
2016-12-07,16,2770,2752
2016-12-07,17,3022,2694
2016-12-07,18,2486,2664
2016-12-07,19,1846,1986
2016-12-07,20,1282,1275
2016-12-07,21,1111,902
2016-12-07,22,1183,1150
2016-12-07,23,1094,963
2016-12-08,00,580,512
2016-12-08,01,403,315
2016-12-08,02,426,236
2016-12-08,03,387,186
2016-12-08,04,449,198
2016-12-08,05,522,245
2016-12-08,06,451,234
2016-12-08,07,390,210
2016-12-08,08,302,255
2016-12-08,09,1156,960
2016-12-08,10,2482,2137
2016-12-08,11,4429,4227
2016-12-08,12,4064,4091
2016-12-08,13,3042,3158
2016-12-08,14,4271,3746
2016-12-08,15,6779,6109
2016-12-08,16,8487,6674
2016-12-08,17,7582,6440
2016-12-08,18,6442,5531
2016-12-08,19,4477,3890
2016-12-08,20,2072,2436
2016-12-08,21,1416,1702
2016-12-08,22,1276,1315
2016-12-08,23,940,851
2016-12-09,00,485,389
2016-12-09,01,475,244
2016-12-09,02,551,289
2016-12-09,03,490,227
2016-12-09,04,534,267
2016-12-09,05,491,229
2016-12-09,06,625,273
2016-12-09,07,578,377
2016-12-09,08,509,492
2016-12-09,09,1044,889
2016-12-09,10,2111,1853
2016-12-09,11,2858,2612
2016-12-09,12,2412,2436
2016-12-09,13,2035,1938
2016-12-09,14,2334,2274
2016-12-09,15,3616,3300
2016-12-09,16,4748,4321
2016-12-09,17,4426,4059
2016-12-09,18,3643,3540
2016-12-09,19,2571,2742
2016-12-09,20,1480,1576
2016-12-09,21,1544,1407
2016-12-09,22,1465,1465
2016-12-09,23,1205,1191
2016-12-10,00,581,589
2016-12-10,01,494,347
2016-12-10,02,471,273
2016-12-10,03,486,272
2016-12-10,04,538,267
2016-12-10,05,570,292
2016-12-10,06,436,233
2016-12-10,07,425,255
2016-12-10,08,467,396
2016-12-10,09,1128,924
2016-12-10,10,2421,2179
2016-12-10,11,3596,3502
2016-12-10,12,3577,3448
2016-12-10,13,2897,2832
2016-12-10,14,3678,3385
2016-12-10,15,6122,5678
2016-12-10,16,6966,6319
2016-12-10,17,6525,5668
2016-12-10,18,5826,4827
2016-12-10,19,4379,3734
2016-12-10,20,2462,2536
2016-12-10,21,2507,2365
2016-12-10,22,2705,2428
2016-12-10,23,2063,2193
2016-12-11,00,928,1062
2016-12-11,01,697,507
2016-12-11,02,587,330
2016-12-11,03,523,264
2016-12-11,04,527,256
2016-12-11,05,641,286
2016-12-11,06,570,278
2016-12-11,07,392,194
2016-12-11,08,323,282
2016-12-11,09,1101,830
2016-12-11,10,2179,2108
2016-12-11,11,3905,3432
2016-12-11,12,3285,3199
2016-12-11,13,2361,2351
2016-12-11,14,3695,3237
2016-12-11,15,5732,4960
2016-12-11,16,7193,5933
2016-12-11,17,6807,6005
2016-12-11,18,5216,4717
2016-12-11,19,1973,2031
2016-12-11,20,639,703
2016-12-11,21,581,608
2016-12-11,22,572,475
2016-12-11,23,594,440
2016-12-12,00,527,388
2016-12-12,01,540,314
2016-12-12,02,596,265
2016-12-12,03,610,277
2016-12-12,04,607,271
2016-12-12,05,648,272
2016-12-12,06,722,315
2016-12-12,07,613,368
2016-12-12,08,338,335
2016-12-12,09,494,550
2016-12-12,10,627,686
2016-12-12,11,715,666
2016-12-12,12,589,643
2016-12-12,13,692,735
2016-12-12,14,758,747
2016-12-12,15,791,834
2016-12-12,16,898,1107
2016-12-12,17,1136,1363
2016-12-12,18,1192,1092
2016-12-12,19,775,812
2016-12-12,20,552,423
2016-12-12,21,527,391
2016-12-12,22,44,40
2016-07-21,11,1128,1161
2016-07-21,12,1754,1643
2016-07-21,13,1702,1728
2016-07-21,14,1792,1662
2016-07-21,15,1952,1776
2016-07-21,16,2059,1897
2016-07-21,17,1825,1939
2016-07-21,18,1794,1747
2016-07-21,19,1387,1329
2016-07-21,20,843,902
2016-07-21,21,943,1168
2016-07-21,22,1119,1245
2016-07-21,23,795,753
2016-07-22,00,250,267
2016-07-22,01,92,120
2016-07-22,02,39,31
2016-07-22,03,80,189
2016-07-22,04,61,163
2016-07-22,05,37,66
2016-07-22,06,53,63
2016-07-22,07,243,248
2016-07-22,08,540,606
2016-07-22,09,1056,1139
2016-07-22,10,1122,1021
2016-07-22,11,1663,1855
2016-07-22,12,1555,1637
2016-07-22,13,1782,1971
2016-07-22,14,2650,2554
2016-07-22,15,2804,2910
2016-07-22,16,2339,2576
2016-07-22,17,2838,2772
2016-07-22,18,2836,2731
2016-07-22,19,2027,2130
2016-07-22,20,1365,1446
2016-07-22,21,1429,2071
2016-07-22,22,869,1293
2016-07-22,23,966,1277
2016-07-23,00,594,821
2016-07-23,01,147,157
2016-07-23,02,45,34
2016-07-23,03,165,164
2016-07-23,04,33,33
2016-07-23,05,30,60
2016-07-23,06,35,58
2016-07-23,07,127,151
2016-07-23,08,384,420
2016-07-23,09,826,767
2016-07-23,10,1159,1187
2016-07-23,11,1338,1285
2016-07-23,12,1997,2047
2016-07-23,13,1668,1926
2016-07-23,14,2507,2796
2016-07-23,15,3172,3681
2016-07-23,16,3702,4149
2016-07-23,17,4144,4277
2016-07-23,18,3556,3731
2016-07-23,19,2524,2864
2016-07-23,20,1491,1614
2016-07-23,21,1816,2369
2016-07-23,22,1986,3164
2016-07-23,23,1602,2456
2016-07-24,00,949,1304
2016-07-24,01,407,483
2016-07-24,02,196,222
2016-07-24,03,104,147
2016-07-24,04,226,243
2016-07-24,05,165,173
2016-07-24,06,365,342
2016-07-24,07,251,207
2016-07-24,08,288,370
2016-07-24,09,1059,944
2016-07-24,10,1869,2087
2016-07-24,11,3220,3552
2016-07-24,12,2408,2810
2016-07-24,13,2070,2360
2016-07-24,14,1845,2192
2016-07-24,15,2120,2607
2016-07-24,16,3001,3706
2016-07-24,17,3024,3623
2016-07-24,18,3274,3229
2016-07-24,19,2180,2272
2016-07-24,20,1518,1546
2016-07-24,21,1486,1956
2016-07-24,22,1319,1619
2016-07-24,23,708,980
2016-07-25,00,178,281
2016-07-25,01,60,59
2016-07-25,02,21,31
2016-07-25,03,28,26
2016-07-25,04,14,19
2016-07-25,05,61,81
2016-07-25,06,192,224
2016-07-25,07,251,285
2016-07-25,08,543,709
2016-07-25,09,1030,1322
2016-07-25,10,1444,1725
2016-07-25,11,1968,2125
2016-07-25,12,2022,2354
2016-07-25,13,1821,2224
2016-07-25,14,1776,2299
2016-07-25,15,1423,1770
2016-07-25,16,1663,2004
2016-07-25,17,1637,1863
2016-07-25,18,1622,1891
2016-07-25,19,1327,1617
2016-07-25,20,873,1112
2016-07-25,21,833,1117
2016-07-25,22,578,623
2016-07-25,23,331,305
2016-07-26,00,136,162
2016-07-26,01,661,834
2016-07-26,02,64,116
2016-07-26,03,30,42
2016-07-26,04,61,85
2016-07-26,05,171,148
2016-07-26,06,119,123
2016-07-26,07,188,213
2016-07-26,08,427,544
2016-07-26,09,782,853
2016-07-26,10,1389,1378
2016-07-26,11,1885,1954
2016-07-26,12,1843,2059
2016-07-26,13,1689,1539
2016-07-26,14,1374,1407
2016-07-26,15,1387,1382
2016-07-26,16,1387,1389
2016-07-26,17,1593,1401
2016-07-26,18,1465,1381
2016-07-26,19,1024,1045
2016-07-26,20,695,644
2016-07-26,21,658,694
2016-07-26,22,1203,1133
2016-07-26,23,1104,1001
2016-07-27,00,193,158
2016-07-27,01,33,17
2016-07-27,02,168,250
2016-07-27,03,0,4
2016-07-27,04,16,33
2016-07-27,05,42,42
2016-07-27,06,41,64
2016-07-27,07,220,225
2016-07-27,08,518,611
2016-07-27,09,873,987
2016-07-27,10,1348,1380
2016-07-27,11,1662,1619
2016-07-27,12,1777,1695
2016-07-27,13,1623,1609
2016-07-27,14,1663,1721
2016-07-27,15,1859,1836
2016-07-27,16,1869,1906
2016-07-27,17,1722,1699
2016-07-27,18,1676,1634
2016-07-27,19,1839,2002
2016-07-27,20,1027,1198
2016-07-27,21,525,602
2016-07-27,22,624,614
2016-07-27,23,260,343
2016-07-28,00,78,111
2016-07-28,01,48,103
2016-07-28,02,17,51
2016-07-28,03,164,245
2016-07-28,04,190,269
2016-07-28,05,87,123
2016-07-28,06,70,122
2016-07-28,07,226,242
2016-07-28,08,532,648
2016-07-28,09,1054,1142
2016-07-28,10,1815,1815
2016-07-28,11,2195,2472
2016-07-28,12,2687,3123
2016-07-28,13,2336,2610
2016-07-28,14,1909,2040
2016-07-28,15,1676,1581
2016-07-28,16,1855,1832
2016-07-28,17,1856,1748
2016-07-28,18,1922,2030
2016-07-28,19,1366,1475
2016-07-28,20,885,1065
2016-07-28,21,1011,1217
2016-07-28,22,1195,1311
2016-07-28,23,821,728
2016-07-29,00,277,276
2016-07-29,01,134,140
2016-07-29,02,105,101
2016-07-29,03,71,96
2016-07-29,04,69,81
2016-07-29,05,62,87
2016-07-29,06,40,52
2016-07-29,07,252,277
2016-07-29,08,588,631
2016-07-29,09,1032,1140
2016-07-29,10,1711,1719
2016-07-29,11,1896,2095
2016-07-29,12,1844,1928
2016-07-29,13,1540,1588
2016-07-29,14,1528,1514
2016-07-29,15,1662,1560
2016-07-29,16,1551,1508
2016-07-29,17,1686,1675
2016-07-29,18,1823,1670
2016-07-29,19,1422,1487
2016-07-29,20,1061,1227
2016-07-29,21,1397,1758
2016-07-29,22,1466,1727
2016-07-29,23,1148,1079
2016-07-30,00,641,513
2016-07-30,01,241,229
2016-07-30,02,100,138
2016-07-30,03,52,93
2016-07-30,04,46,83
2016-07-30,05,51,81
2016-07-30,06,42,42
2016-07-30,07,139,158
2016-07-30,08,381,453
2016-07-30,09,1200,1345
2016-07-30,10,2016,1936
2016-07-30,11,2459,2603
2016-07-30,12,2215,2265
2016-07-30,13,1829,1870
2016-07-30,14,1926,1843
2016-07-30,15,2059,2180
2016-07-30,16,2879,2838
2016-07-30,17,2496,2751
2016-07-30,18,2696,2539
2016-07-30,19,2260,2461
2016-07-30,20,1473,1744
2016-07-30,21,1810,2045
2016-07-30,22,2148,2353
2016-07-30,23,1808,1645
2016-07-31,00,1066,808
2016-07-31,01,319,303
2016-07-31,02,165,202
2016-07-31,03,129,180
2016-07-31,04,120,199
2016-07-31,05,128,227
2016-07-31,06,108,316
2016-07-31,07,66,65
2016-07-31,08,195,223
2016-07-31,09,679,585
2016-07-31,10,1318,1199
2016-07-31,11,2028,2006
2016-07-31,12,2067,2077
2016-07-31,13,1893,1932
2016-07-31,14,1642,1561
2016-07-31,15,1949,2036
2016-07-31,16,2882,2707
2016-07-31,17,3160,3199
2016-07-31,18,2657,2465
2016-07-31,19,2043,1981
2016-07-31,20,1454,1338
2016-07-31,21,838,951
2016-07-31,22,578,527
2016-07-31,23,407,458
2016-08-01,00,165,263
2016-08-01,01,59,135
2016-08-01,02,88,180
2016-08-01,03,104,219
2016-08-01,04,111,206
2016-08-01,05,94,166
2016-08-01,06,48,44
2016-08-01,07,199,210
2016-08-01,08,505,505
2016-08-01,09,930,938
2016-08-01,10,1623,1604
2016-08-01,11,1886,1842
2016-08-01,12,1905,2065
2016-08-01,13,1752,1769
2016-08-01,14,1827,1853
2016-08-01,15,2064,2007
2016-08-01,16,2281,2176
2016-08-01,17,2390,2181
2016-08-01,18,2005,1950
2016-08-01,19,1416,1271
2016-08-01,20,855,937
2016-08-01,21,1104,1215
2016-08-01,22,987,1147
2016-08-01,23,658,704
2016-08-02,00,339,513
2016-08-02,01,352,572
2016-08-02,02,201,357
2016-08-02,03,149,257
2016-08-02,04,114,209
2016-08-02,05,112,164
2016-08-02,06,38,53
2016-08-02,07,214,248
2016-08-02,08,554,544
2016-08-02,09,1081,1049
2016-08-02,10,1671,1653
2016-08-02,11,2202,2068
2016-08-02,12,2236,2317
2016-08-02,13,1864,1966
2016-08-02,14,1756,1800
2016-08-02,15,1855,1852
2016-08-02,16,2205,2057
2016-08-02,17,1951,1879
2016-08-02,18,2066,2143
2016-08-02,19,1553,1564
2016-08-02,20,1215,1153
2016-08-02,21,1035,1164
2016-08-02,22,1154,1221
2016-08-02,23,639,640
2016-08-03,00,244,316
2016-08-03,01,117,140
2016-08-03,02,61,128
2016-08-03,03,53,111
2016-08-03,04,48,90
2016-08-03,05,49,103
2016-08-03,06,45,59
2016-08-03,07,204,217
2016-08-03,08,498,596
2016-08-03,09,933,1092
2016-08-03,10,1721,1622
2016-08-03,11,1970,1961
2016-08-03,12,2075,2063
2016-08-03,13,1579,1644
2016-08-03,14,1530,1440
2016-08-03,15,1567,1501
2016-08-03,16,1879,1766
2016-08-03,17,1843,1840
2016-08-03,18,1706,1701
2016-08-03,19,1324,1386
2016-08-03,20,890,966
2016-08-03,21,1001,1124
2016-08-03,22,1041,1021
2016-08-03,23,668,650
2016-08-04,00,256,285
2016-08-04,01,116,171
2016-08-04,02,94,184
2016-08-04,03,77,129
2016-08-04,04,57,130
2016-08-04,05,80,150
2016-08-04,06,34,52
2016-08-04,07,218,224
2016-08-04,08,529,547
2016-08-04,09,975,1026
2016-08-04,10,1661,1674
2016-08-04,11,2004,2047
2016-08-04,12,1942,1865
2016-08-04,13,1675,1772
2016-08-04,14,1660,1625
2016-08-04,15,1995,1931
2016-08-04,16,1861,1761
2016-08-04,17,2121,1976
2016-08-04,18,2059,2088
2016-08-04,19,1478,1350
2016-08-04,20,1011,1092
2016-08-04,21,1033,1112
2016-08-04,22,674,776
2016-08-04,23,348,489
2016-08-05,00,65,70
2016-08-05,01,190,365
2016-08-05,02,92,200
2016-08-05,03,67,166
2016-08-05,04,155,232
2016-08-05,05,523,662
2016-08-05,06,36,53
2016-08-05,07,203,193
2016-08-05,08,416,465
2016-08-05,09,606,568
2016-08-05,10,933,820
2016-08-05,11,714,683
2016-08-05,12,975,990
2016-08-05,13,1955,1790
2016-08-05,14,2050,1867
2016-08-05,15,2643,2456
2016-08-05,16,2288,2379
2016-08-05,17,2365,2369
2016-08-05,18,2065,2070
2016-08-05,19,1450,1445
2016-08-05,20,983,1009
2016-08-05,21,1132,1211
2016-08-05,22,1167,1313
2016-08-05,23,632,788
2016-08-06,00,278,353
2016-08-06,01,99,134
2016-08-06,02,72,97
2016-08-06,03,79,134
2016-08-06,04,73,165
2016-08-06,05,181,265
2016-08-06,06,39,37
2016-08-06,07,129,131
2016-08-06,08,411,429
2016-08-06,09,1171,1121
2016-08-06,10,1927,1982
2016-08-06,11,2368,2566
2016-08-06,12,2107,2314
2016-08-06,13,1868,1932
2016-08-06,14,2038,1872
2016-08-06,15,2416,2406
2016-08-06,16,2792,2731
2016-08-06,17,2819,3093
2016-08-06,18,2867,2893
2016-08-06,19,2194,2405
2016-08-06,20,1562,1670
2016-08-06,21,1729,1863
2016-08-06,22,2126,2209
2016-08-06,23,1545,1567
2016-08-07,00,839,593
2016-08-07,01,239,288
2016-08-07,02,123,186
2016-08-07,03,58,127
2016-08-07,04,71,143
2016-08-07,05,57,127
2016-08-07,06,36,36
2016-08-07,07,143,126
2016-08-07,08,303,369
2016-08-07,09,821,819
2016-08-07,10,1646,1615
2016-08-07,11,2324,2378
2016-08-07,12,2123,2059
2016-08-07,13,1696,1653
2016-08-07,14,1586,1451
2016-08-07,15,2314,2138
2016-08-07,16,2636,2474
2016-08-07,17,2721,2523
2016-08-07,18,2601,2415
2016-08-07,19,1949,1912
2016-08-07,20,1581,1428
2016-08-07,21,1589,1667
2016-08-07,22,1259,1278
2016-08-07,23,612,567
2016-08-08,00,151,167
2016-08-08,01,77,101
2016-08-08,02,51,85
2016-08-08,03,33,73
2016-08-08,04,37,96
2016-08-08,05,51,94
2016-08-08,06,56,55
2016-08-08,07,182,184
2016-08-08,08,465,498
2016-08-08,09,819,884
2016-08-08,10,1553,1553
2016-08-08,11,1859,1839
2016-08-08,12,1718,1776
2016-08-08,13,1428,1448
2016-08-08,14,1572,1425
2016-08-08,15,1765,1766
2016-08-08,16,1979,1987
2016-08-08,17,2103,1914
2016-08-08,18,1954,1861
2016-08-08,19,1577,1550
2016-08-08,20,1169,1139
2016-08-08,21,1065,1300
2016-08-08,22,966,1161
2016-08-08,23,529,555
2016-08-09,00,192,247
2016-08-09,01,86,134
2016-08-09,02,46,99
2016-08-09,03,82,191
2016-08-09,04,47,116
2016-08-09,05,60,123
2016-08-09,06,36,45
2016-08-09,07,223,220
2016-08-09,08,453,491
2016-08-09,09,994,967
2016-08-09,10,1626,1650
2016-08-09,11,2031,2137
2016-08-09,12,2164,2448
2016-08-09,13,1995,2186
2016-08-09,14,2011,2127
2016-08-09,15,2319,2151
2016-08-09,16,2775,2450
2016-08-09,17,2508,2357
2016-08-09,18,2221,2050
2016-08-09,19,1486,1619
2016-08-09,20,1078,1102
2016-08-09,21,1157,1426
2016-08-09,22,1206,1472
2016-08-09,23,813,936
2016-08-10,00,590,758
2016-08-10,01,421,616
2016-08-10,02,348,515
2016-08-10,03,191,360
2016-08-10,04,69,161
2016-08-10,05,81,145
2016-08-10,06,41,57
2016-08-10,07,179,170
2016-08-10,08,405,442
2016-08-10,09,776,936
2016-08-10,10,1737,1600
2016-08-10,11,2070,2060
2016-08-10,12,1886,1958
2016-08-10,13,1453,1572
2016-08-10,14,1572,1473
2016-08-10,15,1794,1799
2016-08-10,16,1945,1897
2016-08-10,17,2271,2151
2016-08-10,18,1881,1916
2016-08-10,19,1622,1631
2016-08-10,20,1087,1074
2016-08-10,21,1013,1192
2016-08-10,22,1070,1124
2016-08-10,23,604,633
2016-08-11,00,242,300
2016-08-11,01,123,198
2016-08-11,02,309,504
2016-08-11,03,174,271
2016-08-11,04,95,186
2016-08-11,05,36,94
2016-08-11,06,31,40
2016-08-11,07,227,194
2016-08-11,08,390,424
2016-08-11,09,913,978
2016-08-11,10,1776,1651
2016-08-11,11,2198,2334
2016-08-11,12,2114,2096
2016-08-11,13,1944,1915
2016-08-11,14,1797,1989
2016-08-11,15,1813,1856
2016-08-11,16,2138,2041
2016-08-11,17,2239,2268
2016-08-11,18,2108,2070
2016-08-11,19,1624,1519
2016-08-11,20,1280,1194
2016-08-11,21,1240,1276
2016-08-11,22,1017,1093
2016-08-11,23,575,581
2016-08-12,00,239,275
2016-08-12,01,80,163
2016-08-12,02,103,170
2016-08-12,03,72,133
2016-08-12,04,51,98
2016-08-12,05,37,91
2016-08-12,06,38,33
2016-08-12,07,200,175
2016-08-12,08,420,491
2016-08-12,09,746,814
2016-08-12,10,1672,1535
2016-08-12,11,2072,2161
2016-08-12,12,1894,2065
2016-08-12,13,1721,1685
2016-08-12,14,1605,1608
2016-08-12,15,1807,1938
2016-08-12,16,2250,2011
2016-08-12,17,2245,2233
2016-08-12,18,2166,2016
2016-08-12,19,1578,1658
2016-08-12,20,1220,1328
2016-08-12,21,1130,1427
2016-08-12,22,1131,1144
2016-08-12,23,689,635
2016-08-13,00,298,279
2016-08-13,01,97,142
2016-08-13,02,85,126
2016-08-13,03,73,137
2016-08-13,04,35,77
2016-08-13,05,38,73
2016-08-13,06,31,39
2016-08-13,07,132,139
2016-08-13,08,349,353
2016-08-13,09,977,1055
2016-08-13,10,1890,1755
2016-08-13,11,2566,2467
2016-08-13,12,2242,2293
2016-08-13,13,1747,2053
2016-08-13,14,1834,1761
2016-08-13,15,2294,2049
2016-08-13,16,2704,2554
2016-08-13,17,2691,2961
2016-08-13,18,2718,2699
2016-08-13,19,1912,2131
2016-08-13,20,1477,1556
2016-08-13,21,1539,1724
2016-08-13,22,1716,2068
2016-08-13,23,1316,1077
2016-08-14,00,522,469
2016-08-14,01,231,237
2016-08-14,02,68,149
2016-08-14,03,56,75
2016-08-14,04,37,96
2016-08-14,05,24,78
2016-08-14,06,23,34
2016-08-14,07,176,167
2016-08-14,08,291,363
2016-08-14,09,895,884
2016-08-14,10,1712,1756
2016-08-14,11,2175,2347
2016-08-14,12,1992,2090
2016-08-14,13,1573,1597
2016-08-14,14,1605,1495
2016-08-14,15,1981,1768
2016-08-14,16,2481,2199
2016-08-14,17,2472,2403
2016-08-14,18,2439,2234
2016-08-14,19,1876,1820
2016-08-14,20,1306,1336
2016-08-14,21,1573,1728
2016-08-14,22,1551,1543
2016-08-14,23,926,808
2016-08-15,00,326,323
2016-08-15,01,129,157
2016-08-15,02,68,173
2016-08-15,03,70,181
2016-08-15,04,29,90
2016-08-15,05,43,88
2016-08-15,06,39,46
2016-08-15,07,126,110
2016-08-15,08,300,365
2016-08-15,09,968,880
2016-08-15,10,1809,1663
2016-08-15,11,2479,2624
2016-08-15,12,2114,2260
2016-08-15,13,1792,1680
2016-08-15,14,2002,1944
2016-08-15,15,2283,2234
2016-08-15,16,2481,2306
2016-08-15,17,2383,2296
2016-08-15,18,2517,2482
2016-08-15,19,1865,1953
2016-08-15,20,1712,1626
2016-08-15,21,1679,1768
2016-08-15,22,1435,1488
2016-08-15,23,712,713
2016-08-16,00,295,282
2016-08-16,01,104,143
2016-08-16,02,69,123
2016-08-16,03,92,206
2016-08-16,04,74,169
2016-08-16,05,30,62
2016-08-16,06,29,48
2016-08-16,07,178,167
2016-08-16,08,379,408
2016-08-16,09,896,901
2016-08-16,10,1803,1559
2016-08-16,11,2091,2119
2016-08-16,12,1956,2143
2016-08-16,13,1644,1866
2016-08-16,14,1687,1709
2016-08-16,15,2026,1899
2016-08-16,16,2432,2289
2016-08-16,17,2032,2182
2016-08-16,18,1971,1810
2016-08-16,19,1364,1421
2016-08-16,20,1221,1130
2016-08-16,21,1091,1217
2016-08-16,22,900,1063
2016-08-16,23,743,917
2016-08-17,00,287,380
2016-08-17,01,246,405
2016-08-17,02,86,180
2016-08-17,03,80,173
2016-08-17,04,129,232
2016-08-17,05,294,366
2016-08-17,06,55,89
2016-08-17,07,148,142
2016-08-17,08,374,402
2016-08-17,09,815,861
2016-08-17,10,1701,1579
2016-08-17,11,2018,2084
2016-08-17,12,1843,1996
2016-08-17,13,1403,1650
2016-08-17,14,1467,1361
2016-08-17,15,1737,1601
2016-08-17,16,1985,1964
2016-08-17,17,2118,1935
2016-08-17,18,1856,1773
2016-08-17,19,1368,1462
2016-08-17,20,1006,872
2016-08-17,21,930,1062
2016-08-17,22,913,996
2016-08-17,23,459,491
2016-08-18,00,200,237
2016-08-18,01,100,180
2016-08-18,02,39,95
2016-08-18,03,82,184
2016-08-18,04,106,230
2016-08-18,05,98,225
2016-08-18,06,50,49
2016-08-18,07,173,150
2016-08-18,08,383,402
2016-08-18,09,950,971
2016-08-18,10,1863,1689
2016-08-18,11,2184,2165
2016-08-18,12,1965,2113
2016-08-18,13,1514,1624
2016-08-18,14,1776,1778
2016-08-18,15,2334,2113
2016-08-18,16,2484,2414
2016-08-18,17,2286,2131
2016-08-18,18,2194,2082
2016-08-18,19,1496,1553
2016-08-18,20,980,1186
2016-08-18,21,1151,1292
2016-08-18,22,1060,1117
2016-08-18,23,508,518
2016-08-19,00,193,295
2016-08-19,01,135,236
2016-08-19,02,78,158
2016-08-19,03,34,89
2016-08-19,04,42,114
2016-08-19,05,83,195
2016-08-19,06,40,72
2016-08-19,08,259,247
2016-08-19,09,514,616
2016-08-19,10,1347,1164
2016-08-19,07,108,86
2016-08-19,11,1669,1674
2016-08-19,12,1799,1942
2016-08-19,13,1332,1438
2016-08-19,14,1500,1366
2016-08-19,15,1944,1755
2016-08-19,16,2123,1956
2016-08-19,17,2234,2010
2016-08-19,18,1894,1803
2016-08-19,19,1262,1376
2016-08-19,20,888,807
2016-08-19,21,1058,1202
2016-08-19,22,1130,1237
2016-08-19,23,676,694
2016-08-20,00,269,277
2016-08-20,01,115,173
2016-08-20,02,61,99
2016-08-20,03,49,128
2016-08-20,04,66,134
2016-08-20,05,57,103
2016-08-20,06,37,53
2016-08-20,07,81,76
2016-08-20,08,291,245
2016-08-20,09,773,695
2016-08-20,10,1348,1280
2016-08-20,11,1830,1693
2016-08-20,12,1593,1658
2016-08-20,13,1368,1512
2016-08-20,14,1627,1544
2016-08-20,15,1903,1936
2016-08-20,16,1969,1954
2016-08-20,17,2164,2320
2016-08-20,18,1925,1891
2016-08-20,19,985,1056
2016-08-20,20,646,791
2016-08-20,21,439,766
2016-08-20,22,479,574
2016-08-20,23,416,488
2016-08-21,00,227,337
2016-08-21,01,109,70
2016-08-21,02,88,67
2016-08-21,03,102,80
2016-08-21,04,104,162
2016-08-21,05,62,97
2016-08-21,06,85,131
2016-08-21,07,151,136
2016-08-21,08,327,434
2016-08-21,09,1143,1101
2016-08-21,10,2538,2729
2016-08-21,11,3587,3482
2016-08-21,13,2586,2642
2016-08-21,12,3618,3830
2016-08-21,14,2777,2995
2016-08-21,15,4080,4784
2016-08-21,16,6322,5865
2016-08-21,17,6399,6524
2016-08-21,18,4679,4120
2016-08-21,19,3175,2915
2016-08-21,20,2246,2074
2016-08-21,21,2294,2195
2016-08-21,22,1806,1859
2016-08-21,23,1316,1721
2016-08-22,00,2288,2708
2016-08-22,01,808,1200
2016-08-22,02,634,781
2016-08-22,03,434,540
2016-08-22,04,85,187
2016-08-22,05,87,147
2016-08-22,06,38,46
2016-08-22,07,218,211
2016-08-22,08,402,404
2016-08-22,09,716,811
2016-08-22,10,1318,1318
2016-08-22,11,1593,1713
2016-08-22,12,1586,1498
2016-08-22,13,1325,1330
2016-08-22,14,1512,1425
2016-08-22,15,1499,1602
2016-08-22,16,1834,1798
2016-08-22,17,1915,1959
2016-08-22,18,1762,1669
2016-08-22,19,1303,1304
2016-08-23,10,2498,2552
2016-08-22,20,1061,1070
2016-08-22,21,873,1060
2016-08-22,23,502,488
2016-08-23,00,216,249
2016-08-23,01,122,217
2016-08-22,22,757,866
2016-08-23,02,98,190
2016-08-23,03,79,191
2016-08-23,04,80,178
2016-08-23,05,58,115
2016-08-23,06,44,79
2016-08-23,07,289,283
2016-08-23,08,664,666
2016-08-23,09,1357,1496
2016-08-23,11,2148,2132
2016-08-23,12,1682,1768
2016-08-23,13,1510,1625
2016-08-23,14,1622,1453
2016-08-23,15,1693,1774
2016-08-23,16,1900,1764
2016-08-23,17,1806,1874
2016-08-23,18,1880,1734
2016-08-23,19,1445,1468
2016-08-23,20,895,1017
2016-08-23,21,943,1081
2016-08-23,22,848,951
2016-08-23,23,455,500
2016-08-24,00,153,199
2016-08-24,01,92,130
2016-08-24,02,72,150
2016-08-24,03,61,155
2016-08-24,04,60,124
2016-08-24,05,53,97
2016-08-24,06,33,44
2016-08-24,07,168,175
2016-08-24,08,358,422
2016-08-24,09,770,840
2016-08-24,10,1549,1439
2016-08-24,11,1926,1903
2016-08-24,12,1615,1653
2016-08-24,13,1308,1415
2016-08-24,14,1320,1307
2016-08-24,15,1554,1461
2016-08-24,16,1878,1605
2016-08-24,17,1684,1724
2016-08-24,18,1693,1671
2016-08-24,19,1204,1230
2016-08-24,20,793,818
2016-08-24,21,944,1195
2016-08-24,22,918,980
2016-08-24,23,418,446
2016-08-25,00,191,238
2016-08-25,01,88,159
2016-08-25,02,55,106
2016-08-25,03,30,53
2016-08-25,04,26,58
2016-08-25,05,63,133
2016-08-25,06,48,72
2016-08-25,07,189,187
2016-08-25,08,456,494
2016-08-25,09,828,893
2016-08-25,10,1595,1533
2016-08-25,11,2234,2243
2016-08-25,12,1755,1871
2016-08-25,13,1478,1542
2016-08-25,14,1561,1465
2016-08-25,15,1664,1749
2016-08-25,16,1809,1775
2016-08-25,17,1906,1913
2016-08-25,18,1886,1779
2016-08-25,19,1447,1667
2016-08-25,20,907,954
2016-08-25,21,1028,1115
2016-08-25,22,955,1116
2016-08-25,23,609,635
2016-08-26,00,216,219
2016-08-26,01,81,132
2016-08-26,02,72,104
2016-08-26,03,60,123
2016-08-26,04,36,82
2016-08-26,05,35,70
2016-08-26,06,34,47
2016-08-26,07,205,219
2016-08-26,08,437,491
2016-08-26,09,762,938
2016-08-26,10,1678,1497
2016-08-26,11,1965,1981
2016-08-26,12,1983,1787
2016-08-26,13,1412,1477
2016-08-26,14,1588,1426
2016-08-26,15,1844,1685
2016-08-26,16,2012,2049
2016-08-26,17,1972,1913
2016-08-26,18,1834,1739
2016-08-26,19,1372,1385
2016-08-26,20,1000,1159
2016-08-26,21,910,1279
2016-08-26,22,1126,1282
2016-08-26,23,841,757
2016-08-27,00,401,408
2016-08-27,01,172,192
2016-08-27,02,100,181
2016-08-27,03,56,111
2016-08-27,04,70,170
2016-08-27,05,63,111
2016-08-27,06,45,70
2016-08-27,07,145,133
2016-08-27,08,331,363
2016-08-27,09,869,977
2016-08-27,10,1713,1575
2016-08-27,11,2120,2312
2016-08-27,12,1853,1966
2016-08-27,13,1516,1425
2016-08-27,14,1521,1426
2016-08-27,15,1837,1716
2016-08-27,16,2255,2196
2016-08-27,17,2113,2357
2016-08-27,18,2121,2154
2016-08-27,19,1576,1930
2016-08-27,20,1177,1452
2016-08-27,21,1358,1700
2016-08-27,22,1666,1693
2016-08-27,23,1389,1234
2016-08-28,00,566,505
2016-08-28,01,249,301
2016-08-28,02,91,168
2016-08-28,03,91,161
2016-08-28,04,62,130
2016-08-28,05,43,101
2016-08-28,06,30,36
2016-08-28,07,114,97
2016-08-28,08,285,256
2016-08-28,09,712,691
2016-08-28,10,1457,1610
2016-08-28,11,1937,1916
2016-08-28,12,1593,1570
2016-08-28,13,1148,1098
2016-08-28,14,1184,1169
2016-08-28,15,1398,1482
2016-08-28,16,1993,1965
2016-08-28,17,2369,2196
2016-08-28,18,2093,1929
2016-08-28,19,1558,1666
2016-08-28,20,1104,1105
2016-08-28,21,998,1099
2016-08-28,22,941,998
2016-08-28,23,471,473
2016-08-29,00,167,216
2016-08-29,01,107,228
2016-08-29,02,87,158
2016-08-29,03,70,184
2016-08-29,04,71,202
2016-08-29,05,52,107
2016-08-29,06,41,74
2016-08-29,07,146,128
2016-08-29,08,335,306
2016-08-29,09,616,650
2016-08-29,10,1022,895
2016-08-29,11,1312,1388
2016-08-29,12,1043,1159
2016-08-29,13,1009,920
2016-08-29,14,1073,1080
2016-08-29,15,1184,1111
2016-08-29,16,1590,1472
2016-08-29,17,1325,1398
2016-08-29,18,1340,1268
2016-08-29,19,882,857
2016-08-29,20,672,847
2016-08-29,21,924,1151
2016-08-29,22,853,1060
2016-08-29,23,561,706
2016-08-30,00,132,262
2016-08-30,01,46,116
2016-08-30,02,103,205
2016-08-30,03,68,229
2016-08-30,04,127,267
2016-08-30,05,111,302
2016-08-30,06,124,210
2016-08-30,07,234,191
2016-08-30,08,646,602
2016-08-30,09,1004,888
2016-08-30,10,2081,1847
2016-08-30,11,2347,2158
2016-08-30,12,2358,2067
2016-08-30,13,2131,2060
2016-08-30,14,2316,2254
2016-08-30,15,2686,2447
2016-08-30,16,2601,2444
2016-08-30,17,2531,2479
2016-08-30,18,2162,2212
2016-08-30,19,1493,1546
2016-08-30,20,1189,1600
2016-08-30,21,1015,1363
2016-08-30,22,822,1056
2016-08-30,23,593,792
2016-08-31,00,204,295
2016-08-31,01,90,165
2016-08-31,02,85,173
2016-08-31,03,67,162
2016-08-31,04,94,220
2016-08-31,05,74,147
2016-08-31,06,73,86
2016-08-31,07,221,216
2016-08-31,08,577,559
2016-08-31,09,1125,1055
2016-08-31,10,2393,2176
2016-08-31,11,2920,2742
2016-08-31,12,2546,2534
2016-08-31,13,1759,1784
2016-08-31,14,1813,1692
2016-08-31,15,2452,2228
2016-08-31,16,2976,2784
2016-08-31,17,2878,2699
2016-08-31,18,2735,2921
2016-08-31,19,2096,2144
2016-08-31,20,1217,1438
2016-08-31,21,1209,1366
2016-08-31,22,1095,1244
2016-08-31,23,690,847
2016-09-01,00,215,326
2016-09-01,01,116,211
2016-09-01,02,72,127
2016-09-01,03,63,167
2016-09-01,04,34,64
2016-09-01,05,65,122
2016-09-01,06,72,80
2016-09-01,07,323,310
2016-09-01,08,840,823
2016-09-01,09,1478,1297
2016-09-01,10,2697,2438
2016-09-01,11,3047,2800
2016-09-01,12,2515,2498
2016-09-01,13,2139,2158
2016-09-01,14,2386,2251
2016-09-01,15,2626,2478
2016-09-01,16,2875,2653
2016-09-01,17,2614,2491
2016-09-01,18,2677,2676
2016-09-01,19,1956,1982
2016-09-01,20,1119,1235
2016-09-01,21,1371,1592
2016-09-01,22,1137,1294
2016-09-01,23,616,743
2016-09-02,00,294,423
2016-09-02,01,100,182
2016-09-02,02,87,185
2016-09-02,03,63,137
2016-09-02,04,29,61
2016-09-02,05,77,136
2016-09-02,06,117,116
2016-09-02,07,389,385
2016-09-02,08,896,855
2016-09-02,09,1664,1581
2016-09-02,10,2784,2522
2016-09-02,11,3425,3195
2016-09-02,12,2819,2824
2016-09-02,13,2454,2492
2016-09-02,14,2685,2588
2016-09-02,15,2827,2670
2016-09-02,16,3132,2951
2016-09-02,17,3694,3648
2016-09-02,18,2916,2940
2016-09-02,19,2086,2131
2016-09-02,20,1447,1537
2016-09-02,21,1560,1705
2016-09-02,22,1730,1896
2016-09-02,23,1220,1432
2016-09-03,00,597,697
2016-09-03,01,197,296
2016-09-03,02,114,151
2016-09-03,03,59,106
2016-09-03,04,27,56
2016-09-03,05,47,56
2016-09-03,06,78,79
2016-09-03,07,191,179
2016-09-03,08,604,582
2016-09-03,09,1719,1558
2016-09-03,10,3241,2967
2016-09-03,11,4320,3957
2016-09-03,12,3633,3519
2016-09-03,13,2641,2656
2016-09-03,14,3085,2987
2016-09-03,15,3888,3645
2016-09-03,16,4789,4298
2016-09-03,17,6058,5302
2016-09-03,18,5195,5356
2016-09-03,19,3951,4036
2016-09-03,20,2841,2775
2016-09-03,21,3013,3114
2016-09-03,22,3520,3477
2016-09-03,23,2577,3202
2016-09-04,00,1129,1367
2016-09-04,01,552,661
2016-09-04,02,200,316
2016-09-04,03,106,206
2016-09-04,04,60,123
2016-09-04,05,79,152
2016-09-04,06,123,255
2016-09-04,07,187,138
2016-09-04,08,441,436
2016-09-04,09,1428,1291
2016-09-04,10,2738,2440
2016-09-04,11,3679,3438
2016-09-04,12,3191,3194
2016-09-04,13,2184,2072
2016-09-04,14,2462,2392
2016-09-04,15,3874,3405
2016-09-04,16,4714,4274
2016-09-04,17,4466,4362
2016-09-04,18,4364,4196
2016-09-04,19,2751,2742
2016-09-04,20,1672,1794
2016-09-04,21,1427,1684
2016-09-04,22,1136,1332
2016-09-04,23,619,781
2016-09-05,00,210,361
2016-09-05,01,173,293
2016-09-05,02,250,415
2016-09-05,03,203,389
2016-09-05,04,169,357
2016-09-05,05,483,706
2016-09-05,06,287,395
2016-09-05,07,413,387
2016-09-05,08,1019,984
2016-09-05,09,1836,1724
2016-09-05,10,2746,2479
2016-09-05,11,2908,2878
2016-09-05,12,2561,2708
2016-09-05,13,2289,2333
2016-09-05,14,2483,2338
2016-09-05,15,2864,2623
2016-09-05,16,3067,2814
2016-09-05,17,3200,3030
2016-09-05,18,2789,2793
2016-09-05,19,1811,1861
2016-09-05,20,1127,1274
2016-09-05,21,909,1072
2016-09-05,22,800,1002
2016-09-05,23,584,752
2016-09-06,00,359,529
2016-09-06,01,334,526
2016-09-06,02,440,685
2016-09-06,03,130,277
2016-09-06,04,239,400
2016-09-06,05,85,136
2016-09-06,06,122,148
2016-09-06,07,361,323
2016-09-06,08,1152,1099
2016-09-06,09,1983,1818
2016-09-06,10,3006,2769
2016-09-06,11,3362,3095
2016-09-06,12,3397,3288
2016-09-06,13,2988,3001
2016-09-06,14,2392,2324
2016-09-06,15,2958,2824
2016-09-06,16,3343,3269
2016-09-06,17,3458,3432
2016-09-06,18,2851,2855
2016-09-06,19,1942,2021
2016-09-06,20,1694,1820
2016-09-06,21,1606,1842
2016-09-06,22,1341,1541
2016-09-06,23,650,857
2016-09-07,00,265,374
2016-09-07,01,155,203
2016-09-07,02,105,156
2016-09-07,03,79,153
2016-09-07,04,81,151
2016-09-07,05,102,161
2016-09-07,06,111,133
2016-09-07,07,368,342
2016-09-07,08,873,894
2016-09-07,09,1850,1716
2016-09-07,10,2915,2673
2016-09-07,11,3175,3145
2016-09-07,12,2840,2814
2016-09-07,13,2560,2725
2016-09-07,14,2461,2350
2016-09-07,15,2791,2642
2016-09-07,16,3158,2995
2016-09-07,17,3144,3048
2016-09-07,18,2820,2887
2016-09-07,19,1834,1918
2016-09-07,20,1080,1202
2016-09-07,21,989,1145
2016-09-07,22,1029,1200
2016-09-07,23,566,711
2016-09-08,00,298,427
2016-09-08,01,195,274
2016-09-08,02,85,156
2016-09-08,03,66,123
2016-09-08,04,80,216
2016-09-08,05,90,166
2016-09-08,06,108,146
2016-09-08,07,339,331
2016-09-08,08,911,906
2016-09-08,09,1858,1644
2016-09-08,10,3164,2975
2016-09-08,11,4009,3780
2016-09-08,12,3316,3211
2016-09-08,13,2720,2755
2016-09-08,14,2614,2499
2016-09-08,15,3275,3116
2016-09-08,16,3458,3394
2016-09-08,17,3340,3298
2016-09-08,18,2922,2929
2016-09-08,19,1847,1906
2016-09-08,20,990,1136
2016-09-08,21,1030,1239
2016-09-08,22,922,1078
2016-09-08,23,465,602
2016-09-09,00,247,356
2016-09-09,01,90,214
2016-09-09,02,84,164
2016-09-09,03,47,118
2016-09-09,04,51,102
2016-09-09,05,66,136
2016-09-09,06,86,121
2016-09-09,07,377,360
2016-09-09,08,915,866
2016-09-09,09,1678,1576
2016-09-09,10,2898,2563
2016-09-09,11,3445,3308
2016-09-09,12,3092,3073
2016-09-09,13,2509,2465
2016-09-09,14,2691,2634
2016-09-09,15,3002,2896
2016-09-09,16,3624,3290
2016-09-09,17,3777,3604
2016-09-09,18,3243,3314
2016-09-09,19,2159,2169
2016-09-09,20,1380,1586
2016-09-09,21,1460,1595
2016-09-09,22,1588,1801
2016-09-09,23,1166,1292
2016-09-10,00,582,701
2016-09-10,01,254,389
2016-09-10,02,119,216
2016-09-10,03,107,211
2016-09-10,04,92,183
2016-09-10,05,174,228
2016-09-10,15,3337,3183
2016-09-10,16,5516,4829
2016-09-10,06,42,48
2016-09-10,07,141,137
2016-09-10,08,427,387
2016-09-10,09,1199,963
2016-09-10,10,2142,2126
2016-09-10,11,2917,2698
2016-09-10,12,2699,2478
2016-09-10,13,1720,1602
2016-09-10,14,1959,1928
2016-09-10,17,5503,5307
2016-09-10,18,4663,4476
2016-09-10,19,3760,3775
2016-09-10,20,2875,3076
2016-09-10,21,2876,3419
2016-09-10,22,2814,2718
2016-09-10,23,2136,2760
2016-09-11,00,936,1189
2016-09-11,01,405,577
2016-09-11,02,208,417
2016-09-11,03,72,211
2016-09-11,04,31,51
2016-09-11,05,85,161
2016-09-11,06,80,157
2016-09-11,07,214,167
2016-09-11,08,491,481
2016-09-11,09,1456,1239
2016-09-11,10,3000,2700
2016-09-11,11,4330,4020
2016-09-11,12,3166,3132
2016-09-11,13,2273,2294
2016-09-11,14,2678,2461
2016-09-11,15,3869,3536
2016-09-11,16,5604,5338
2016-09-11,17,5090,4944
2016-09-11,18,4292,4092
2016-09-11,19,3002,3057
2016-09-11,20,1603,1831
2016-09-11,21,1288,1493
2016-09-11,22,1024,1196
2016-09-11,23,494,676
2016-09-12,00,190,346
2016-09-12,01,482,570
2016-09-12,02,298,433
2016-09-12,03,484,653
2016-09-12,04,605,788
2016-09-12,05,617,830
2016-09-12,06,537,623
2016-09-12,07,517,512
2016-09-12,08,1077,1068
2016-09-12,09,1305,1267
2016-09-12,10,2130,1868
2016-09-12,11,3000,3052
2016-09-12,12,3120,3003
2016-09-12,13,2731,2762
2016-09-12,14,2279,2297
2016-09-12,15,2422,2225
2016-09-12,16,2652,2672
2016-09-12,17,2796,2659
2016-09-12,18,2419,2362
2016-09-12,19,1564,1614
2016-09-12,20,915,1099
2016-09-12,21,683,889
2016-09-12,22,655,804
2016-09-12,23,328,473
2016-09-13,00,159,266
2016-09-13,01,109,248
2016-09-13,02,102,253
2016-09-13,03,125,270
2016-09-13,04,120,232
2016-09-13,05,159,302
2016-09-13,06,145,209
2016-09-13,07,394,513
2016-09-13,10,2536,2214
2016-09-13,08,577,646
2016-09-13,09,934,979
2016-09-13,11,2918,2807
2016-09-13,12,2782,2769
2016-09-13,13,2744,2704
2016-09-13,14,2382,2321
2016-09-13,15,2391,2229
2016-09-13,16,2675,2527
2016-09-13,17,2646,2524
2016-09-13,18,2285,2273
2016-09-13,19,1590,1668
2016-09-13,20,898,1012
2016-09-13,21,822,1073
2016-09-13,22,774,901
2016-09-13,23,400,516
2016-09-14,00,174,263
2016-09-14,01,151,271
2016-09-14,02,70,170
2016-09-14,03,78,154
2016-09-14,04,80,171
2016-09-14,05,92,183
2016-09-14,06,138,222
2016-09-14,07,575,568
2016-09-14,08,956,945
2016-09-14,09,1788,1588
2016-09-14,10,2672,2312
2016-09-14,11,2989,2954
2016-09-14,12,2463,2483
2016-09-14,13,2291,2223
2016-09-14,14,2260,2233
2016-09-14,15,2514,2258
2016-09-14,16,2560,2375
2016-09-14,17,2607,2480
2016-09-14,18,2457,2395
2016-09-14,19,1606,1629
2016-09-14,20,987,1225
2016-09-14,21,676,826
2016-09-14,22,781,984
2016-09-14,23,361,473
2016-09-15,00,157,233
2016-09-15,01,85,153
2016-09-15,02,58,170
2016-09-15,03,45,129
2016-09-15,04,91,216
2016-09-15,05,104,367
2016-09-15,06,83,160
2016-09-15,07,428,464
2016-09-15,08,538,513
2016-09-15,09,870,779
2016-09-15,10,1584,1286
2016-09-15,11,1815,1585
2016-09-15,12,2175,2028
2016-09-15,13,2346,2365
2016-09-15,14,2647,2731
2016-09-15,15,2581,2541
2016-09-15,16,2974,2828
2016-09-15,17,2634,2554
2016-09-15,18,2282,2251
2016-09-15,19,1600,1668
2016-09-15,20,859,1067
2016-09-15,21,691,905
2016-09-15,22,592,747
2016-09-15,23,347,549
2016-09-16,00,185,342
2016-09-16,01,198,347
2016-09-16,02,97,204
2016-09-16,03,141,308
2016-09-16,04,159,289
2016-09-16,05,137,302
2016-09-16,06,153,373
2016-09-16,07,469,471
2016-09-16,08,840,824
2016-09-16,09,1302,1225
2016-09-16,10,2482,2157
2016-09-16,11,2908,2739
2016-09-16,12,2813,2598
2016-09-16,13,2452,2269
2016-09-16,14,1826,1744
2016-09-16,15,2234,2201
2016-09-16,16,2554,2261
2016-09-16,17,2655,2540
2016-09-16,18,2394,2413
2016-09-16,19,1425,1481
2016-09-16,20,837,1066
2016-09-16,21,676,797
2016-09-16,22,762,869
2016-09-16,23,776,898
2016-09-17,00,471,603
2016-09-17,01,175,277
2016-09-17,02,111,218
2016-09-17,03,71,183
2016-09-17,04,141,249
2016-09-17,05,135,199
2016-09-17,06,107,166
2016-09-17,07,260,239
2016-09-17,08,628,568
2016-09-17,09,1856,1597
2016-09-17,10,3757,3367
2016-09-17,11,4837,4470
2016-09-17,12,4557,4221
2016-09-17,13,3502,3481
2016-09-17,14,4083,3876
2016-09-17,15,5137,4961
2016-09-17,16,6667,6431
2016-09-17,17,6703,6376
2016-09-17,18,5830,5596
2016-09-17,19,3336,3544
2016-09-17,20,1608,1764
2016-09-17,21,1490,1695
2016-09-17,22,1308,1459
2016-09-17,23,574,782
2016-09-18,00,393,434
2016-09-18,01,227,318
2016-09-18,02,159,232
2016-09-18,03,46,90
2016-09-18,04,61,202
2016-09-18,05,70,190
2016-09-18,06,92,276
2016-09-18,07,145,132
2016-09-18,08,379,343
2016-09-18,09,1399,1116
2016-09-18,10,2931,2542
2016-09-18,11,4030,3765
2016-09-18,12,3508,3203
2016-09-18,13,2521,2268
2016-09-18,14,2687,2508
2016-09-18,15,4839,4349
2016-09-18,16,4806,4382
2016-09-18,17,4882,4672
2016-09-18,18,4179,4034
2016-09-18,19,2564,2605
2016-09-18,20,1327,1482
2016-09-18,21,806,1035
2016-09-18,22,483,670
2016-09-18,23,313,447
2016-09-19,00,95,172
2016-09-19,01,55,138
2016-09-19,02,35,216
2016-09-19,03,7,31
2016-09-19,04,22,26
2016-09-19,05,21,36
2016-09-19,06,124,163
2016-09-19,07,486,486
2016-09-19,08,892,896
2016-09-19,09,1419,1331
2016-09-19,10,2200,1963
2016-09-19,11,2400,2288
2016-09-19,12,2949,3021
2016-09-19,13,2901,3034
2016-09-19,14,2842,2872
2016-09-19,15,2802,2759
2016-09-19,16,3271,3266
2016-09-19,17,2767,2729
2016-09-19,18,2347,2504
2016-09-19,19,1615,1740
2016-09-19,20,1336,1574
2016-09-19,21,1138,1272
2016-09-19,22,960,1167
2016-09-19,23,797,949
2016-09-20,00,722,862
2016-09-20,01,624,787
2016-09-20,02,147,230
2016-09-20,03,84,197
2016-09-20,04,213,360
2016-09-20,05,560,800
2016-09-20,06,245,349
2016-09-20,07,514,499
2016-09-20,08,933,881
2016-09-20,09,1437,1309
2016-09-20,10,2698,2463
2016-09-20,11,3020,2765
2016-09-20,12,2699,2792
2016-09-20,13,2530,2582
2016-09-20,14,2523,2511
2016-09-20,15,2872,2644
2016-09-20,16,2924,2705
2016-09-20,17,2927,2796
2016-09-20,18,2378,2398
2016-09-20,19,1458,1523
2016-09-20,20,916,1026
2016-09-20,21,764,810
2016-09-20,22,482,595
2016-09-20,23,231,327
2016-09-21,00,109,196
2016-09-21,01,75,176
2016-09-21,02,41,81
2016-09-21,03,45,113
2016-09-21,04,72,152
2016-09-21,05,116,210
2016-09-21,06,103,199
2016-09-21,07,367,460
2016-09-21,08,626,634
2016-09-21,09,845,798
2016-09-21,10,1749,1460
2016-09-21,11,2437,2217
2016-09-21,12,2007,1879
2016-09-21,13,2091,1869
2016-09-21,14,1899,1743
2016-09-21,15,1965,1767
2016-09-21,16,1386,1428
2016-09-21,17,1368,1385
2016-09-21,18,1170,1106
2016-09-21,19,727,830
2016-09-21,20,430,590
2016-09-21,21,325,332
2016-09-21,22,323,341
2016-09-21,23,265,399
2016-09-22,01,96,222
2016-09-22,02,65,151
2016-09-22,03,79,183
2016-09-22,04,53,93
2016-09-22,05,90,188
2016-09-22,06,126,152
2016-09-22,07,402,341
2016-09-22,08,752,654
2016-09-22,09,1282,1146
2016-09-22,10,2243,1805
2016-09-22,11,2948,2536
2016-09-22,12,2528,2308
2016-09-22,13,2390,2419
2016-09-22,14,2142,2088
2016-09-22,15,2277,2179
2016-09-22,16,2445,2244
2016-09-22,17,2487,2452
2016-09-22,18,2036,2042
2016-09-22,19,1345,1433
2016-09-22,20,753,912
2016-09-22,21,478,684
2016-09-22,22,434,580
2016-09-22,23,245,364
2016-09-23,00,82,121
2016-09-23,01,39,79
2016-09-23,02,20,50
2016-09-23,03,23,64
2016-09-23,04,21,59
2016-09-23,05,41,87
2016-09-23,06,91,110
2016-09-23,07,447,353
2016-09-23,08,758,642
2016-09-23,09,1154,952
2016-09-23,10,2511,2004
2016-09-23,11,2526,2300
2016-09-23,12,2518,2157
2016-09-23,13,2358,2281
2016-09-23,14,2484,2428
2016-09-23,15,2630,2445
2016-09-23,16,2744,2519
2016-09-23,17,2732,2729
2016-09-23,18,2564,2428
2016-09-23,19,1493,1597
2016-09-23,20,869,992
2016-09-23,21,930,1033
2016-09-23,22,921,982
2016-09-23,23,631,701
2016-09-24,00,263,391
2016-09-24,01,76,150
2016-09-24,02,42,103
2016-09-24,03,29,66
2016-09-24,04,14,27
2016-09-24,05,25,42
2016-09-24,06,63,61
2016-09-24,07,261,235
2016-09-24,08,546,476
2016-09-24,09,1435,1201
2016-09-24,10,3061,2795
2016-09-24,11,4047,3783
2016-09-24,12,3949,3655
2016-09-24,13,3044,2711
2016-09-24,14,3608,3316
2016-09-24,15,4695,4278
2016-09-24,16,5805,5378
2016-09-24,17,5832,5642
2016-09-24,18,5154,4882
2016-09-24,19,3164,3338
2016-09-24,20,1543,1679
2016-09-24,21,1536,1711
2016-09-24,22,1631,1762
2016-09-24,23,1229,1339
2016-09-25,00,620,787
2016-09-25,01,184,265
2016-09-25,02,67,101
2016-09-25,03,37,68
2016-09-25,04,21,45
2016-09-25,05,31,62
2016-09-25,06,47,42
2016-09-25,07,164,130
2016-09-25,08,388,338
2016-09-25,09,1098,926
2016-09-25,10,2663,2359
2016-09-25,11,3688,3387
2016-09-25,12,3220,3118
2016-09-25,13,2341,2286
2016-09-25,14,2690,2552
2016-09-25,15,4512,4110
2016-09-25,16,6032,5393
2016-09-25,17,5738,5667
2016-09-25,18,4462,4261
2016-09-25,19,2357,2426
2016-09-25,20,1153,1317
2016-09-25,21,835,976
2016-09-25,22,521,658
2016-09-25,23,224,328
2016-09-26,00,52,97
2016-09-26,01,56,85
2016-09-26,02,18,49
2016-09-26,03,27,52
2016-09-26,04,15,29
2016-09-26,05,30,36
2016-09-26,06,153,127
2016-09-26,07,374,332
2016-09-26,08,652,546
2016-09-26,09,1151,1014
2016-09-26,10,1902,1606
2016-09-26,11,2324,1948
2016-09-26,12,2258,2139
2016-09-26,13,2236,2171
2016-09-26,14,2151,2163
2016-09-26,15,2425,2336
2016-09-26,16,2600,2493
2016-09-26,17,2508,2417
2016-09-26,18,2239,2199
2016-09-26,19,1400,1469
2016-09-26,20,691,847
2016-09-26,21,578,656
2016-09-26,22,315,399
2016-09-26,23,161,204
2016-09-27,00,98,160
2016-09-27,01,49,80
2016-09-27,02,25,47
2016-09-27,03,34,53
2016-09-27,04,23,53
2016-09-27,05,62,117
2016-09-27,06,94,108
2016-09-27,07,525,536
2016-09-27,08,903,886
2016-09-27,09,1422,1325
2016-09-27,10,2486,2109
2016-09-27,11,3038,2769
2016-09-27,12,2786,2590
2016-09-27,13,2563,2692
2016-09-27,14,2151,2123
2016-09-27,15,2572,2400
2016-09-27,16,2885,2754
2016-09-27,17,2486,2396
2016-09-27,18,2196,2269
2016-09-27,19,1379,1547
2016-09-27,20,646,785
2016-09-27,21,532,589
2016-09-27,22,354,455
2016-09-27,23,273,327
2016-09-28,00,97,126
2016-09-28,01,41,72
2016-09-28,02,14,42
2016-09-28,03,13,40
2016-09-28,04,48,112
2016-09-28,05,65,145
2016-09-28,06,83,110
2016-09-28,07,490,470
2016-09-28,08,885,848
2016-09-28,09,1344,1212
2016-09-28,10,2452,2053
2016-09-28,11,2615,2471
2016-09-28,12,2147,2156
2016-09-28,13,2063,2058
2016-09-28,14,2199,2038
2016-09-28,15,2482,2396
2016-09-28,16,2662,2490
2016-09-28,17,2532,2422
2016-09-28,18,2080,2116
2016-09-28,19,1402,1492
2016-09-28,20,707,807
2016-09-28,21,544,634
2016-09-28,22,483,573
2016-09-28,23,236,269
2016-09-29,00,56,85
2016-09-29,01,24,35
2016-09-29,02,18,36
2016-09-29,03,12,26
2016-09-29,04,20,37
2016-09-29,05,30,52
2016-09-29,06,91,95
2016-09-29,07,458,450
2016-09-29,08,864,840
2016-09-29,09,1540,1285
2016-09-29,10,2521,2192
2016-09-29,11,2618,2504
2016-09-29,12,2408,2224
2016-09-29,13,2360,2346
2016-09-29,14,2340,2254
2016-09-29,15,2617,2402
2016-09-29,16,2767,2548
2016-09-29,17,2651,2574
2016-09-29,18,2201,2243
2016-09-29,19,1289,1406
2016-09-29,20,689,841
2016-09-29,21,603,670
2016-09-29,22,567,688
2016-09-29,23,385,367
2016-09-30,00,89,169
2016-09-30,01,25,29
2016-09-30,02,20,42
2016-09-30,03,39,80
2016-09-30,04,16,33
2016-09-30,05,29,39
2016-09-30,06,77,68
2016-09-30,07,404,363
2016-09-30,08,806,667
2016-09-30,09,1311,1127
2016-09-30,10,2232,1764
2016-09-30,11,2520,2199
2016-09-30,12,2256,2186
2016-09-30,13,2122,2111
2016-09-30,14,2260,2250
2016-09-30,15,2478,2356
2016-09-30,16,2720,2501
2016-09-30,17,2517,2465
2016-09-30,18,2163,2142
2016-09-30,19,1533,1604
2016-09-30,20,937,1066
2016-09-30,21,873,987
2016-09-30,22,937,1027
2016-09-30,23,762,877
2016-10-01,00,285,371
2016-10-01,01,96,189
2016-10-01,02,53,107
2016-10-01,03,29,85
2016-10-01,04,24,42
2016-10-01,05,37,65
2016-10-01,06,140,270
2016-10-01,07,372,311
2016-10-01,08,648,555
2016-10-01,09,1855,1752
2016-10-01,10,3832,3359
2016-10-01,11,4075,3554
2016-10-01,12,3831,3486
2016-10-01,13,2820,2694
2016-10-01,14,3365,3357
2016-10-01,15,4483,4098
2016-10-01,16,4720,4420
2016-10-01,17,3478,3135
2016-10-01,18,2269,2394
2016-10-01,19,1582,2098
2016-10-01,20,992,1039
2016-10-01,21,871,803
2016-10-01,22,921,1013
2016-10-01,23,886,979
2016-10-02,00,235,438
2016-10-02,01,147,441
2016-10-02,02,54,228
2016-10-02,03,66,223
2016-10-02,04,43,150
2016-10-02,05,19,36
2016-10-02,06,51,48
2016-10-02,07,137,149
2016-10-02,08,366,282
2016-10-02,09,1296,1040
2016-10-02,10,2958,2657
2016-10-02,11,3653,3333
2016-10-02,12,3305,3153
2016-10-02,13,2343,2128
2016-10-02,14,2699,2578
2016-10-02,15,4370,3866
2016-10-02,16,5723,4867
2016-10-02,17,5370,5064
2016-10-02,18,4345,4107
2016-10-02,19,2322,2376
2016-10-02,20,1051,1219
2016-10-02,21,661,838
2016-10-02,22,460,584
2016-10-02,23,216,304
2016-10-03,00,116,215
2016-10-03,01,78,215
2016-10-03,02,363,477
2016-10-03,03,447,552
2016-10-03,04,480,548
2016-10-03,05,347,482
2016-10-03,06,411,510
2016-10-03,07,492,454
2016-10-03,08,750,681
2016-10-03,09,1194,1023
2016-10-03,10,2015,1785
2016-10-03,11,2264,2114
2016-10-03,12,2153,2018
2016-10-03,13,2133,2016
2016-10-03,14,2318,2063
2016-10-03,15,2644,2523
2016-10-03,16,2621,2618
2016-10-03,17,2388,2304
2016-10-03,18,2110,2046
2016-10-03,19,1295,1483
2016-10-03,20,541,651
2016-10-03,21,388,515
2016-10-03,22,242,298
2016-10-03,23,143,190
2016-10-04,00,53,114
2016-10-04,01,31,83
2016-10-04,02,28,64
2016-10-04,03,26,71
2016-10-04,04,57,108
2016-10-04,05,90,132
2016-10-04,06,121,157
2016-10-04,07,388,349
2016-10-04,08,755,620
2016-10-04,09,1215,1024
2016-10-04,10,2127,1800
2016-10-04,11,2518,2381
2016-10-04,12,2503,2835
2016-10-04,13,2321,2265
2016-10-04,14,2161,1961
2016-10-04,15,2527,2311
2016-10-04,16,2616,2464
2016-10-04,17,2488,2541
2016-10-04,18,2155,2167
2016-10-04,19,1352,1404
2016-10-04,20,658,784
2016-10-04,21,391,524
2016-10-04,22,280,355
2016-10-04,23,191,257
2016-10-05,00,113,136
2016-10-05,01,28,52
2016-10-05,02,32,72
2016-10-05,03,23,69
2016-10-05,04,30,62
2016-10-05,05,42,99
2016-10-05,06,68,71
2016-10-05,07,396,339
2016-10-05,08,782,622
2016-10-05,09,1151,976
2016-10-05,10,1821,1565
2016-10-05,11,2599,2375
2016-10-05,12,2229,2452
2016-10-05,13,2219,2325
2016-10-05,14,2335,2181
2016-10-05,15,2838,2539
2016-10-05,16,2564,2718
2016-10-05,17,2233,2296
2016-10-05,18,1669,1833
2016-10-05,19,1063,1281
2016-10-05,20,772,867
2016-10-05,21,439,619
2016-10-05,22,353,509
2016-10-05,23,259,477
2016-10-06,00,277,450
2016-10-06,01,414,566
2016-10-06,02,368,432
2016-10-06,03,149,211
2016-10-06,04,120,166
2016-10-06,05,90,162
2016-10-06,06,141,154
2016-10-06,07,377,377
2016-10-06,08,732,651
2016-10-06,09,1044,897
2016-10-06,10,1730,1464
2016-10-06,11,2530,2066
2016-10-06,12,2011,1897
2016-10-06,13,2198,2182
2016-10-06,14,2151,1883
2016-10-06,15,2278,1973
2016-10-06,16,2423,2292
2016-10-06,17,2189,2139
2016-10-06,18,1860,1862
2016-10-06,19,1014,1166
2016-10-06,20,493,612
2016-10-06,21,308,340
2016-10-06,22,299,354
2016-10-06,23,146,224
2016-10-07,00,37,54
2016-10-07,01,35,79
2016-10-07,02,22,30
2016-10-07,03,11,33
2016-10-07,04,27,30
2016-10-07,05,33,44
2016-10-07,06,37,63
2016-10-07,07,250,187
2016-10-07,08,423,402
2016-10-07,09,732,705
2016-10-07,10,1141,987
2016-10-07,11,1311,1327
2016-10-07,12,1257,1363
2016-10-07,13,1241,1322
2016-10-07,14,1386,1395
2016-10-07,15,1583,1508
2016-10-07,16,1537,1593
2016-10-07,17,1450,1466
2016-10-07,18,1355,1371
2016-10-07,19,781,905
2016-10-07,20,429,509
2016-10-07,21,396,437
2016-10-07,22,354,462
2016-10-07,23,262,306
2016-10-08,00,91,92
2016-10-08,01,36,48
2016-10-08,02,10,25
2016-10-08,03,11,17
2016-10-08,04,9,17
2016-10-08,05,20,30
2016-10-08,06,28,34
2016-10-08,07,169,126
2016-10-08,08,344,316
2016-10-08,09,782,766
2016-10-08,10,1551,1461
2016-10-08,11,2098,2032
2016-10-08,12,2136,2443
2016-10-08,13,1753,2090
2016-10-08,14,2230,1910
2016-10-08,15,2718,2839
2016-10-08,16,3336,3392
2016-10-08,17,3031,3277
2016-10-08,18,2876,2851
2016-10-08,19,1693,1823
2016-10-08,20,728,779
2016-10-08,21,680,747
2016-10-08,22,660,668
2016-10-08,23,580,507
2016-10-09,00,310,342
2016-10-09,01,122,202
2016-10-09,02,88,147
2016-10-09,03,61,144
2016-10-09,04,71,118
2016-10-09,05,84,133
2016-10-09,06,80,152
2016-10-09,07,84,99
2016-10-09,08,197,207
2016-10-09,09,515,443
2016-10-09,10,1825,1127
2016-10-09,11,1549,1534
2016-10-09,12,1543,1476
2016-10-09,13,992,979
2016-10-09,14,1173,1029
2016-10-09,15,1487,1277
2016-10-09,16,1540,1509
2016-10-09,17,1197,1204
2016-10-09,18,781,853
2016-10-09,19,703,650
2016-10-09,20,344,374
2016-10-09,21,288,312
2016-10-09,22,76,182
2016-10-09,23,40,139
2016-10-10,00,22,131
2016-10-10,01,52,154
2016-10-10,02,41,112
2016-10-10,03,32,182
2016-10-10,04,33,188
2016-10-10,05,29,105
2016-10-10,06,37,96
2016-10-10,07,268,198
2016-10-10,08,376,382
2016-10-10,09,568,812
2016-10-10,10,1011,1024
2016-10-10,11,1364,1400
2016-10-10,12,1229,1154
2016-10-10,13,1427,1380
2016-10-10,14,1110,1118
2016-10-10,15,970,977
2016-10-10,16,1090,1071
2016-10-10,17,1045,1069
2016-10-10,18,837,745
2016-10-10,19,530,461
2016-10-10,20,201,211
2016-10-10,21,105,99
2016-10-10,22,65,68
2016-10-10,23,34,35
2016-10-11,00,12,19
2016-10-11,01,4,4
2016-07-01,00,449,549
2016-07-01,01,207,275
2016-07-01,02,95,137
2016-07-01,03,59,91
2016-07-01,04,49,78
2016-07-01,05,59,90
2016-07-01,06,77,103
2016-07-01,07,194,171
2016-07-01,08,473,446
2016-07-01,09,1384,1164
2016-07-01,10,2766,2477
2016-07-01,11,3806,3381
2016-07-01,12,3394,3097
2016-07-01,13,2480,2336
2016-07-01,14,2731,2568
2016-07-01,15,3875,3415
2016-07-01,16,4843,4262
2016-07-01,17,4751,4483
2016-07-01,18,3917,3855
2016-07-01,19,2640,2763
2016-07-01,20,1630,1695
2016-07-01,21,1546,1666
2016-07-01,22,1492,1603
2016-07-01,23,992,1177
2016-07-02,00,240,296
2016-07-02,01,117,171
2016-07-02,02,87,137
2016-07-02,03,69,118
2016-07-02,04,70,115
2016-07-02,05,97,145
2016-07-02,06,104,121
2016-07-02,07,333,343
2016-07-02,08,730,711
2016-07-02,09,1278,1184
2016-07-02,10,2267,2018
2016-07-02,11,2744,2511
2016-07-02,12,2555,2427
2016-07-02,13,2271,2242
2016-07-02,14,2226,2164
2016-07-02,15,2498,2361
2016-07-02,16,2722,2533
2016-07-02,17,2671,2562
2016-07-02,18,2382,2391
2016-07-02,19,1623,1697
2016-07-02,20,1007,1096
2016-07-02,21,951,1056
2016-07-02,22,878,981
2016-07-02,23,550,610
2016-11-03,00,17,13
2016-11-03,01,5,8
2016-11-03,02,2,1
2016-11-03,03,7,3
2016-11-03,04,6,3
2016-11-03,05,12,3
2016-11-03,06,21,15
2016-11-03,07,230,177
2016-11-03,08,351,349
2016-11-03,09,530,573
2016-11-03,10,896,912
2016-11-03,11,914,934
2016-11-03,12,854,884
2016-11-03,13,1144,1000
2016-11-03,14,1180,936
2016-11-03,15,930,815
2016-11-03,16,917,985
2016-11-03,17,819,801
2016-11-03,18,668,596
2016-11-03,19,356,302
2016-11-03,20,181,152
2016-11-03,21,106,110
2016-11-03,22,111,93
2016-11-03,23,61,46
2016-11-04,00,72,82
2016-11-04,01,87,113
2016-11-04,02,94,160
2016-11-04,03,39,48
2016-11-04,04,49,60
2016-11-04,05,36,22
2016-11-04,06,54,46
2016-11-04,07,233,191
2016-11-04,08,386,343
2016-11-04,09,584,551
2016-11-04,10,915,898
2016-11-04,11,904,1086
2016-11-04,12,736,810
2016-11-04,13,905,926
2016-11-04,14,893,942
2016-11-04,15,970,930
2016-11-04,16,1108,999
2016-11-04,17,915,850
2016-11-04,18,694,602
2016-11-04,19,504,374
2016-11-04,20,272,222
2016-11-04,21,209,211
2016-11-04,22,243,224
2016-11-04,23,191,204
2016-11-05,00,69,42
2016-11-05,01,11,20
2016-11-05,02,12,3
2016-11-05,03,8,1
2016-11-05,04,7,5
2016-11-05,05,7,2
2016-11-05,06,13,12
2016-11-05,07,117,90
2016-11-05,08,197,194
2016-11-05,09,468,447
2016-11-05,10,796,743
2016-11-05,11,824,799
2016-11-05,12,717,874
2016-11-05,13,635,708
2016-11-05,14,824,680
2016-11-05,15,1128,1209
2016-11-05,16,1368,1467
2016-11-05,17,1355,1428
2016-11-05,18,1159,1104
2016-11-05,19,582,634
2016-11-05,20,240,230
2016-11-05,21,223,197
2016-11-05,22,208,206
2016-11-05,23,246,223
2016-11-06,00,91,58
2016-11-06,01,88,85
2016-11-06,02,64,31
2016-11-06,03,39,25
2016-11-06,04,31,15
2016-11-06,05,21,26
2016-11-06,06,48,38
2016-11-06,07,44,48
2016-11-06,08,125,120
2016-11-06,09,352,348
2016-11-06,10,629,598
2016-11-06,11,926,811
2016-11-06,12,711,705
2016-11-06,13,515,486
2016-11-06,14,585,491
2016-11-06,15,704,689
2016-11-06,16,1000,1095
2016-11-06,17,1303,1239
2016-11-06,18,1264,1251
2016-11-06,19,553,578
2016-11-06,20,348,256
2016-11-06,21,514,488
2016-11-06,22,598,478
2016-11-06,23,508,470
2016-11-07,00,493,489
2016-11-07,01,354,340
2016-11-07,02,87,84
2016-11-07,03,205,182
2016-11-07,04,246,230
2016-11-07,05,98,94
2016-11-07,06,27,36
2016-11-07,07,210,165
2016-11-07,08,358,279
2016-11-07,09,449,430
2016-11-07,10,782,876
2016-11-07,11,769,873
2016-11-07,12,590,674
2016-11-07,13,792,895
2016-11-07,14,776,786
2016-11-07,15,819,791
2016-11-07,16,925,844
2016-11-07,17,818,853
2016-11-07,18,565,491
2016-11-07,19,288,290
2016-11-07,20,142,95
2016-11-07,21,108,108
2016-11-07,22,83,60
2016-11-07,23,38,33
2016-11-08,00,20,16
2016-11-08,01,16,12
2016-11-08,02,24,12
2016-11-08,03,19,15
2016-11-08,04,49,41
2016-11-08,05,12,10
2016-11-08,06,34,23
2016-11-08,07,214,185
2016-11-08,08,331,310
2016-11-08,09,600,584
2016-11-08,10,808,750
2016-11-08,11,814,806
2016-11-08,12,682,763
2016-11-08,13,923,964
2016-11-08,14,824,831
2016-11-08,15,864,825
2016-11-08,16,852,868
2016-11-08,17,833,860
2016-11-08,18,616,536
2016-11-08,19,321,280
2016-11-08,20,187,158
2016-11-08,21,83,97
2016-11-08,22,96,71
2016-11-08,23,49,27
2016-11-09,00,21,26
2016-11-09,01,14,7
2016-11-09,02,22,15
2016-11-09,03,14,12
2016-11-09,04,16,10
2016-11-09,05,23,17
2016-11-09,06,45,33
2016-11-09,07,193,142
2016-11-09,08,376,351
2016-11-09,09,457,509
2016-11-09,10,726,747
2016-11-09,11,795,917
2016-11-09,12,605,700
2016-11-09,13,726,775
2016-11-09,14,789,778
2016-11-09,15,880,855
2016-11-09,16,775,758
2016-11-09,17,707,669
2016-11-09,18,551,489
2016-11-09,19,329,300
2016-11-09,20,150,128
2016-11-09,21,88,100
2016-11-09,22,100,71
2016-11-09,23,59,48
2016-11-10,00,32,22
